{ "app": {
   
   "title": "42 FSW Controller",
   "version": "2.0.0",
   "owner": "OpenSatkit",
   "url": "https://github.com/OpenSatKit/OpenSatKit",

   "description": [
      "F42 implements the 42 Standalone controllers."
   ],

   "system": {
      "build": true,
      "simsat": true
   },
   
   "cosmos": {
      "target": "F42"
   },
   
   "fsw": {
      "cfe-type": "CFE_APP",
      "obj-path-file": "/cf/f42.so",
      "entry-symbol": "F42_AppMain",
      "name": "F42",
      "priority": 90,
      "stack": 16384,
      "load_addr": 0,
      "exception-action": 0,
      "app-framework": "osk",
      "tables": [
         { 
                "name": "Control Table",
                  "id": 0,
            "filename": "f42_ctrl_tbl.json"
         }
      ],
      "cmd-mid": "F42_CMD_MID"
   }
   
}}


