{ "app": {
   
   "title": "File Manager",
   "version": "2.5.2",
   "owner": "NASA/Goddard",
   "url": "https://github.com/nasa/FM",

   "description": [
      "FM provides a ground interface for file and directory management."
   ],

   "system": {
      "build": true,
      "simsat": true
   },
   
   "cosmos": {
      "target": "FM"
   },
   
   "fsw": {
      "cfe-type": "CFE_APP",
      "obj-path-file": "/cf/fm.so",
      "entry-symbol": "FM_AppMain",
      "name": "FM",
      "priority": 80,
      "stack": 16384,
      "load_addr": 0,
      "exception-action": 0,
      "app-framework": "cfs",
      "tables": [],
      "cmd-mid": "FM_CMD_MID"
   }
   
}}
