{
   "name": "SimSat Scheduler Activity Table",
   "description": ["Activities are defined in time slots. There are 4 slots per second", 
                   "and 15 entries per slot. SimSat's schedule is based on a 2Hz controller",
                   "A slow control law rate was chosen to keep the system simple for",
                   "demonstration purposes. The synchronization approaches can scale to",
                   "meet a more complex mission's needs as long as the CPU processing can",
                   "accomodate it. A recent Goddard mission with a 10Hz control law uses 100",
                   "slots with 10 activities per slot.",
                   "Scheduling Notes:",
                   " 1. App execution control flow requests start at Activity 0 in each slot",
                   " 2. HK requests are in activity indices 10..14",
                   " 3. If applicable HK requests are in slot follow execution control",
                   " 4. LC and HK in slot after control law so most recent controller data is processed"
                   ],
   
   "slot-array": [
      
      {"slot": {
      
         "index": 0, 
         "activity-array" : [
         
            {"activity": {
               "name":    "I42 Synchronization",
               "descr":   "",
               "index":   0,
               "enabled": "false",
               "period":  1,
               "offset":  0,
               "msg-idx": 43
            }},

            {"activity": {
               "name":    "SC Execution",
               "descr":   "",
               "index":   1,
               "enabled": "true",
               "period":  1,
               "offset":  0,
               "msg-idx": 22
            }},
            
            {"activity": {
               "name":    "MD Execution",
               "descr":   "",
               "index":   2,
               "enabled": "true",
               "period":  1,
               "offset":  0,
               "msg-idx": 19
            }},
            
            {"activity": {
               "name":    "CS Execution",
               "descr":   "",
               "index":   3,
               "enabled": "true",
               "period":  2,
               "offset":  0,
               "msg-idx": 11
            }},
            
            {"activity": {
               "name":    "cFE ES Housekeeping",
               "descr":   "",
               "index":   10,
               "enabled": "true",
               "period":  4,
               "offset":  0,
               "msg-idx": 0
            }},

            {"activity": {
               "name":    "cFE EVS Housekeeping",
               "descr":   "",
               "index":   11,
               "enabled": "true",
               "period":  4,
               "offset":  1,
               "msg-idx": 1
            }},

            {"activity": {
               "name":    "cFE SB Housekeeping",
               "descr":   "",
               "index":   12,
               "enabled": "true",
               "period":  4,
               "offset":  2,
               "msg-idx": 2
            }},

            {"activity": {
               "name":    "cFE TBL Housekeeping",
               "descr":   "",
               "index":   13,
               "enabled": "true",
               "period":  4,
               "offset":  3,
               "msg-idx": 3
            }},

            {"activity": {
               "name":    "Time Housekeeping",
               "descr":   "",
               "index":   14,
               "enabled": "true",
               "period":  4,
               "offset":  0,
               "msg-idx": 4
            }}
         ]
      }},   

   
      {"slot": {
      
         "index": 1, 
         "activity-array" : [
         
            {"activity": {
               "name":    "LC Execution",
               "descr":   "",
               "index":   0,
               "enabled": "true",
               "period":  1,
               "offset":  0,
               "msg-idx": 17
            }},
            
            {"activity": {
               "name":    "HK Combined Pkt 1",
               "descr":   "Period matches input HK pkt rates",
               "index":   1,
               "enabled": "true",
               "period":  6,
               "offset":  2,
               "msg-idx": 24
            }},
            
            {"activity": {
               "name":    "HK Combined Pkt 2",
               "descr":   "Run in slot after I42 and F42 slot",
               "index":   2,
               "enabled": "true",
               "period":  4,
               "offset":  1,
               "msg-idx": 25
            }},
            
            {"activity": {
               "name":    "CF Execution",
               "descr":   "",
               "index":   3,
               "enabled": "true",
               "period":  1,
               "offset":  0,
               "msg-idx": 27
            }},
            
            {"activity": {
               "name":    "KIT_CI Housekeeping",
               "descr":   "",
               "index":   10,
               "enabled": "true",
               "period":  4,
               "offset":  0,
               "msg-idx": 36
            }},

            {"activity": {
               "name":    "KIT_SCH Housekeeping",
               "descr":   "",
               "index":   11,
               "enabled": "true",
               "period":  4,
               "offset":  1,
               "msg-idx": 37
            }},

            {"activity": {
               "name":    "KIT_TO Housekeeping",
               "descr":   "",
               "index":   12,
               "enabled": "true",
               "period":  4,
               "offset":  2,
               "msg-idx": 38
            }},
        
            {"activity": {
               "name":    "SC Housekeeping",
               "descr":   "",
               "index":   13,
               "enabled": "true",
               "period":  4,
               "offset":  3,
               "msg-idx": 21
            }},

            {"activity": {
               "name":    "CS Housekeeping",
               "descr":   "",
               "index":   14,
               "enabled": "true",
               "period":  4,
               "offset":  0,
               "msg-idx": 10
            }}
        
         ]
      }},   

      {"slot": {
   
         "index": 2, 
         "activity-array" : [
         
            {"activity": {
               "name":    "I42 Synchronization",
               "descr":   "",
               "index":   0,
               "enabled": "false",
               "period":  1,
               "offset":  0,
               "msg-idx": 43
            }},
            
            {"activity": {
               "name":    "MD Execution",
               "descr":   "",
               "index":   1,
               "enabled": "true",
               "period":  1,
               "offset":  0,
               "msg-idx": 19
            }},
            
            {"activity": {
               "name":    "HS Execution",
               "descr":   "",
               "index":   2,
               "enabled": "true",
               "period":  2,
               "offset":  1,
               "msg-idx": 15
            }},

            {"activity": {
               "name":    "ISIM Execution",
               "descr":   "",
               "index":   3,
               "enabled": "true",
               "period":  1,
               "offset":  0,
               "msg-idx": 43
            }},

            {"activity": {
               "name":    "MM Housekeeping",
               "descr":   "",
               "index":   9,
               "enabled": "true",
               "period":  4,
               "offset":  1,
               "msg-idx": 20
            }},

            {"activity": {
               "name":    "FM Housekeeping",
               "descr":   "",
               "index":   10,
               "enabled": "true",
               "period":  4,
               "offset":  0,
               "msg-idx": 13
            }},
         
            {"activity": {
               "name":    "HK Housekeeping",
               "descr":   "",
               "index":   11,
               "enabled": "true",
               "period":  4,
               "offset":  2,
               "msg-idx": 23
            }},
            

            {"activity": {
               "name":    "CF Housekeeping",
               "descr":   "",
               "index":   12,
               "enabled": "true",
               "period":  3,
               "offset":  2,
               "msg-idx": 26
            }},
            
            {"activity": {
               "name":    "TFTP Housekeeping",
               "descr":   "Send every cycle for faster file transfer verification",
               "index":   13,
               "enabled": "true",
               "period":  1,
               "offset":  0,
               "msg-idx": 39
            }},

            {"activity": {
               "name":    "LC Housekeeping",
               "descr":   "",
               "index":   14,
               "enabled": "true",
               "period":  4,
               "offset":  2,
               "msg-idx": 16
            }}
                        
         ]
      }},   
   
      {"slot": {
      
         "index": 3, 
         "activity-array" : [
         
            {"activity": {
               "name":    "LC Execution",
               "descr":   "",
               "index":   0,
               "enabled": "true",
               "period":  1,
               "offset":  0,
               "msg-idx": 17
            }},
            
            {"activity": {
               "name":    "HK Combined Pkt 2",
               "descr":   "Run in slot after I42 and F42 slot",
               "index":   2,
               "enabled": "true",
               "period":  1,
               "offset":  2,
               "msg-idx": 25
            }},
            

            {"activity": {
               "name":    "CF Execution",
               "descr":   "",
               "index":   3,
               "enabled": "true",
               "period":  1,
               "offset":  0,
               "msg-idx": 27
            }},
           
            {"activity": {
               "name":    "F42 Housekeeping",
               "descr":   "",
               "index":   9,
               "enabled": "true",
               "period":  4,
               "offset":  0,
               "msg-idx": 40
            }},

            {"activity": {
               "name":    "I42 Housekeeping",
               "descr":   "",
               "index":   10,
               "enabled": "true",
               "period":  4,
               "offset":  0,
               "msg-idx": 42
            }},
            
            {"activity": {
               "name":    "ISIM Housekeeping",
               "descr":   "",
               "index":   11,
               "enabled": "true",
               "period":  4,
               "offset":  0
               "msg-idx": 44
            }},
            
            {"activity": {
               "name":    "DS Housekeeping",
               "descr":   "",
               "index":   12,
               "enabled": "true",
               "period":  4,
               "offset":  0,
               "msg-idx": 12
            }},

            {"activity": {
               "name":    "MD Housekeeping",
               "descr":   "",
               "index":   13,
               "enabled": "true",
               "period":  4,
               "offset":  0,
               "msg-idx": 18
            }},
            
            {"activity": {
               "name":    "HS Housekeeping",
               "descr":   "",
               "index":   14,
               "enabled": "true",
               "period":  4,
               "offset":  1,
               "msg-idx": 14
            }}
           
         ]
      }}

   ]
}

