{
   "name": "Telemetry Output Table",
   "description": "Define default telemetry packets that are forwarded by KIT_TO",
   "packet-array": [
      "packet": {
         "name": "CFE_ES_APP_TLM_MID",
         "stream-id": "\u080B",
         "dec-id": 2059,
         "priority": 0,
         "reliability": 0,
         "buf-limit": 4,
         "filter": { "type": 2, "X": 1, "N": 1, "O": 0}
      },
  
      "packet": {
         "name": "CFE_ES_HK_TLM_MID",
         "stream-id": "\u0800",
         "dec-id": 2048,
         "priority": 0,
         "reliability": 0,
         "buf-limit": 4
         "filter": { "type": 2, "X": 1, "N": 1, "O": 0}
      },

      "packet": {
         "name": "CFE_ES_MEMSTATS_TLM_MID",
         "stream-id": "\u0810",
         "dec-id": 2064,
         "priority": 0,
         "reliability": 0,
         "buf-limit": 4
         "filter": { "type": 2, "X": 1, "N": 1, "O": 0}
      },

      "packet": {
         "name": "CFE_ES_SHELL_TLM_MID",
         "stream-id": "\u080F",
         "dec-id": 2063,
         "priority": 0,
         "reliability": 0,
         "buf-limit": 4
         "filter": { "type": 2, "X": 1, "N": 1, "O": 0}
      },

      "packet": {
         "name": "CFE_EVS_EVENT_MSG_MID",
         "stream-id": "\u0808",
         "dec-id": 2056,
         "priority": 0,
         "reliability": 0,
         "buf-limit": 40
         "filter": { "type": 2, "X": 1, "N": 1, "O": 0}
      },

      "packet": {
         "name": "CFE_EVS_HK_TLM_MID",
         "stream-id": "\u0801",
         "dec-id": 2049,
         "priority": 0,
         "reliability": 0,
         "buf-limit": 4
         "filter": { "type": 2, "X": 1, "N": 1, "O": 0}
      },

      "packet": {
         "name": "CFE_SB_HK_TLM_MID",
         "stream-id": "\u0803",
         "dec-id": 2051,
         "priority": 0,
         "reliability": 0,
         "buf-limit": 4
         "filter": { "type": 2, "X": 1, "N": 1, "O": 0}
      },

      "packet": {
         "name": "CFE_SB_STATS_TLM_MID",
         "stream-id": "\u080A",
         "dec-id": 2058,
         "priority": 0,
         "reliability": 0,
         "buf-limit": 4
         "filter": { "type": 2, "X": 1, "N": 1, "O": 0}
      },

      "packet": {
         "name": "CFE_TBL_HK_TLM_MID",
         "stream-id": "\u0804",
         "dec-id": 2052,
         "priority": 0,
         "reliability": 0,
         "buf-limit": 4
         "filter": { "type": 2, "X": 1, "N": 1, "O": 0}
      },

      "packet": {
         "name": "CFE_TBL_REG_TLM_MID",
         "stream-id": "\u080C",
         "dec-id": 2060,
         "priority": 0,
         "reliability": 0,
         "buf-limit": 4
         "filter": { "type": 2, "X": 1, "N": 1, "O": 0}
      },

      "packet": {
         "name": "CFE_TIME_DIAG_TLM_MID",
         "stream-id": "\u0806",
         "dec-id": 2054,
         "priority": 0,
         "reliability": 0,
         "buf-limit": 4
         "filter": { "type": 2, "X": 1, "N": 1, "O": 0}
      },

      "packet": {
         "name": "CFE_TIME_HK_TLM_MID",
         "stream-id": "\u0805",
         "dec-id": 2053,
         "priority": 0,
         "reliability": 0,
         "buf-limit": 4
         "filter": { "type": 2, "X": 1, "N": 1, "O": 0}
      },

      "packet": {
         "name": "CS_HK_TLM_MID",
         "stream-id": "\u08A4",
         "dec-id": 2212,
         "priority": 0,
         "reliability": 0,
         "buf-limit": 4
         "filter": { "type": 2, "X": 1, "N": 1, "O": 0}
      },

      "packet": {
         "name": "DS_HK_TLM_MID",
         "stream-id": "\u08B8",
         "dec-id": 2232,
         "priority": 0,
         "reliability": 0,
         "buf-limit": 4
         "filter": { "type": 2, "X": 1, "N": 1, "O": 0}
      },

      "packet": {
         "name": "DS_DIAG_TLM_MID",
         "stream-id": "\u08B9",
         "dec-id": 2233,
         "priority": 0,
         "reliability": 0,
         "buf-limit": 4
         "filter": { "type": 2, "X": 1, "N": 1, "O": 0}
      },

      "packet": {
         "name": "FM_HK_TLM_MID",
         "stream-id": "\u088A",
         "dec-id": 2186,
         "priority": 0,
         "reliability": 0,
         "buf-limit": 4
         "filter": { "type": 2, "X": 1, "N": 1, "O": 0}
      },

      "packet": {
         "name": "FM_FILE_INFO_TLM_MID",
         "stream-id": "\u088B",
         "dec-id": 2187,
         "priority": 0,
         "reliability": 0,
         "buf-limit": 4
         "filter": { "type": 2, "X": 1, "N": 1, "O": 0}
      },

      "packet": {
         "name": "FM_DIR_LIST_TLM_MID",
         "stream-id": "\u088C",
         "dec-id": 2188,
         "priority": 0,
         "reliability": 0,
         "buf-limit": 4
         "filter": { "type": 2, "X": 1, "N": 1, "O": 0}
      },

      "packet": {
         "name": "FM_OPEN_FILES_TLM_MID",
         "stream-id": "\u088D",
         "dec-id": 2189,
         "priority": 0,
         "reliability": 0,
         "buf-limit": 4
         "filter": { "type": 2, "X": 1, "N": 1, "O": 0}
      },

      "packet": {
         "name": "FM_FREE_SPACE_TLM_MID",
         "stream-id": "\u088E",
         "dec-id": 2190,
         "priority": 0,
         "reliability": 0,
         "buf-limit": 4
         "filter": { "type": 2, "X": 1, "N": 1, "O": 0}
      },

      "packet": {
         "name": "HS_HK_TLM_MID",
         "stream-id": "\u08AD",
         "dec-id": 2221,
         "priority": 0,
         "reliability": 0,
         "buf-limit": 4
         "filter": { "type": 2, "X": 1, "N": 1, "O": 0}
      },

      "packet": {
         "name": "LC_HK_TLM_MID",
         "stream-id": "\u08A7",
         "dec-id": 2215,
         "priority": 0,
         "reliability": 0,
         "buf-limit": 4
         "filter": { "type": 2, "X": 1, "N": 1, "O": 0}
      },

      "packet": {
         "name": "MD_HK_TLM_MID",
         "stream-id": "\u0890",
         "dec-id": 2192,
         "priority": 0,
         "reliability": 0,
         "buf-limit": 4
         "filter": { "type": 2, "X": 1, "N": 1, "O": 0}
      },

      "packet": {
         "name": "MD_HK_TLM_MID",
         "stream-id": "\u0891",
         "dec-id": 2193,
         "priority": 0,
         "reliability": 0,
         "buf-limit": 4
         "filter": { "type": 2, "X": 1, "N": 1, "O": 0}
      },

      "packet": {
         "name": "MD_HK_TLM_MID",
         "stream-id": "\u0892",
         "dec-id": 2194,
         "priority": 0,
         "reliability": 0,
         "buf-limit": 4
         "filter": { "type": 2, "X": 1, "N": 1, "O": 0}
      },

      "packet": {
         "name": "MD_HK_TLM_MID",
         "stream-id": "\u0893",
         "dec-id": 2195,
         "priority": 0,
         "reliability": 0,
         "buf-limit": 4
         "filter": { "type": 2, "X": 1, "N": 1, "O": 0}
      },

      "packet": {
         "name": "MD_HK_TLM_MID",
         "stream-id": "\u0894",
         "dec-id": 2196,
         "priority": 0,
         "reliability": 0,
         "buf-limit": 4
         "filter": { "type": 2, "X": 1, "N": 1, "O": 0}
      },

      "packet": {
         "name": "MM_HK_TLM_MID",
         "stream-id": "\u0887",
         "dec-id": 2183,
         "priority": 0,
         "reliability": 0,
         "buf-limit": 8
         "filter": { "type": 2, "X": 1, "N": 1, "O": 0}
      },

      "packet": {
         "name": "SAMPLE_APP_HK_TLM_MID",
         "stream-id": "\u0883",
         "dec-id": 2179,
         "priority": 0,
         "reliability": 0,
         "buf-limit": 4
         "filter": { "type": 2, "X": 1, "N": 1, "O": 0}
      },

      "packet": {
         "name": "SC_HK_TLM_MID",
         "stream-id": "\u08AA",
         "dec-id": 2218,
         "priority": 0,
         "reliability": 0,
         "buf-limit": 4
         "filter": { "type": 2, "X": 1, "N": 1, "O": 0}
      },
  
      "packet": {
         "name": "HK_HK_TLM_MID",
         "stream-id": "\u089B",
         "dec-id": 2203,
         "priority": 0,
         "reliability": 0,
         "buf-limit": 4
         "filter": { "type": 2, "X": 1, "N": 1, "O": 0}
      },
  
      "packet": {
         "name": "HK_COMBINED_PKT1_MID",
         "stream-id": "\u089C",
         "dec-id": 2204,
         "priority": 0,
         "reliability": 0,
         "buf-limit": 4
         "filter": { "type": 2, "X": 1, "N": 1, "O": 0}
      },
  
      "packet": {
         "name": "HK_COMBINED_PKT2_MID",
         "stream-id": "\u089D",
         "dec-id": 2205,
         "priority": 0,
         "reliability": 0,
         "buf-limit": 4
         "filter": { "type": 2, "X": 1, "N": 1, "O": 0}
      },
  
      "packet": {
         "name": "BM_HK_TLM_MID",
         "stream-id": "\u09F0",
         "dec-id": 2544,
         "priority": 0,
         "reliability": 0,
         "buf-limit": 4
         "filter": { "type": 2, "X": 1, "N": 1, "O": 0}
      },

      "packet": {
         "name": "BM_TST_MID",
         "stream-id": "\u09F1",
         "dec-id": 2545,
         "priority": 0,
         "reliability": 0,
         "buf-limit": 4
         "filter": { "type": 2, "X": 1, "N": 1, "O": 0}
      },
              
      "packet": {
         "name": "BM_CHLD_MID",
         "stream-id": "\u09F2",
         "dec-id": 2546,
         "priority": 0,
         "reliability": 0,
         "buf-limit": 4
         "filter": { "type": 2, "X": 1, "N": 1, "O": 0}
      },

      "packet": {
         "name": "OSK_C_DEMO_HK_TLM_MID",
         "stream-id": "\u0F30",
         "dec-id": 3888,
         "priority": 0,
         "reliability": 0,
         "buf-limit": 4
          "filter": { "type": 2, "X": 1, "N": 1, "O": 0}
     },

`      "packet": {
         "name": "OSK_C_DEMO_FR_TLM_MID",
         "stream-id": "\u0F31",
         "dec-id": 3889,
         "priority": 0,
         "reliability": 0,
         "buf-limit": 4
         "filter": { "type": 2, "X": 1, "N": 1, "O": 0}
      },
      
      "packet": {
         "name": "OSK_CPP_DEMO_HK_TLM_MID",
         "stream-id": "\u0F40",
         "dec-id": 3904,
         "priority": 0,
         "reliability": 0,
         "buf-limit": 4
         "filter": { "type": 2, "X": 1, "N": 1, "O": 0}
      },
      
      "packet": {
         "name": "HC_HK_TLM_MID",
         "stream-id": "\u09A0",
         "dec-id": 2464,
         "priority": 0,
         "reliability": 0,
         "buf-limit": 4
         "filter": { "type": 2, "X": 1, "N": 1, "O": 0}
      },

      "packet": {
         "name": "HSIM_HK_TLM_MID",
         "stream-id": "\u09B1",
         "dec-id": 2481,
         "priority": 0,
         "reliability": 0,
         "buf-limit": 4
         "filter": { "type": 2, "X": 1, "N": 1, "O": 0}
      },

      "packet": {
         "name": "KIT_CI_HK_TLM_MID",
         "stream-id": "\u0F00",
         "dec-id": 3840,
         "priority": 0,
         "reliability": 0,
         "buf-limit": 4
         "filter": { "type": 2, "X": 1, "N": 1, "O": 0}
      },
  
      "packet": {
         "name": "KIT_SCH_HK_TLM_MID",
         "stream-id": "\u0F10",
         "dec-id": 3856,
         "priority": 0,
         "reliability": 0,
         "buf-limit": 4
         "filter": { "type": 2, "X": 1, "N": 1, "O": 0}
      },

      "packet": {
         "name": "KIT_SCH_DIAG_TLM_MID",
         "stream-id": "\u0F11",
         "dec-id": 3857,
         "priority": 0,
         "reliability": 0,
         "buf-limit": 1
         "filter": { "type": 2, "X": 1, "N": 1, "O": 0}
      },

      "packet": {
         "name": "KIT_SCH_TBL_ENTRY_TLM_MID",
         "stream-id": "\u0F12",
         "dec-id": 3858,
         "priority": 0,
         "reliability": 0,
         "buf-limit": 1
         "filter": { "type": 2, "X": 1, "N": 1, "O": 0}
      },

      "packet": {
         "name": "KIT_TO_HK_TLM_MID",
         "stream-id": "\u0F20",
         "dec-id": 3872,
         "priority": 0,
         "reliability": 0,
         "buf-limit": 4
         "filter": { "type": 2, "X": 1, "N": 1, "O": 0}
      },

      "packet": {
         "name": "KIT_TO_PKT_TBL_TLM_MID",
         "stream-id": "\u0F21",
         "dec-id": 3873,
         "priority": 0,
         "reliability": 0,
         "buf-limit": 4
         "filter": { "type": 2, "X": 1, "N": 1, "O": 0}
      },

      "packet": {
         "name": "KIT_TO_DATA_TYPE_TLM_MID",
         "stream-id": "\u0F22",
         "dec-id": 3874,
         "priority": 0,
         "reliability": 0,
         "buf-limit": 4
         "filter": { "type": 2, "X": 1, "N": 1, "O": 0}
      },

      "packet": {
         "name": "TFTP_HK_TLM_MID",
         "stream-id": "\u0900",
         "dec-id": 2304,
         "priority": 0,
         "reliability": 0,
         "buf-limit": 4
         "filter": { "type": 2, "X": 1, "N": 1, "O": 0}
      },
  
      "packet": {
         "name": "CF_HK_TLM_MID",
         "stream-id": "\u08B0",
         "dec-id": 2224,
         "priority": 0,
         "reliability": 0,
         "buf-limit": 4
         "filter": { "type": 2, "X": 1, "N": 1, "O": 0}
      },

      "packet": {
         "name": "CF_TRANS_TLM_MID",
         "stream-id": "\u08B1",
         "dec-id": 2225,
         "priority": 0,
         "reliability": 0,
         "buf-limit": 4
         "filter": { "type": 2, "X": 1, "N": 1, "O": 0}
      },

      "packet": {
         "name": "CF_CONFIG_TLM_MID",
         "stream-id": "\u08B2",
         "dec-id": 2226,
         "priority": 0,
         "reliability": 0,
         "buf-limit": 4
         "filter": { "type": 2, "X": 1, "N": 1, "O": 0}
      },

      "packet": {
         "name": "CF_SPACE_TO_GND_PDU_MID",
         "stream-id": "\u0FFD",
         "dec-id": 4093,
         "priority": 0,
         "reliability": 0,
         "buf-limit": 20
         "filter": { "type": 2, "X": 1, "N": 1, "O": 0}
      },

      "packet": {
         "name": "CF_SPARE0_TLM_MID",
         "stream-id": "\u08B3",
         "dec-id": 2227,
         "priority": 0,
         "reliability": 0,
         "buf-limit": 4
         "filter": { "type": 2, "X": 1, "N": 1, "O": 0}
      },

      "packet": {
         "name": "CF_SPARE1_TLM_MID",
         "stream-id": "\u08B4",
         "dec-id": 2228,
         "priority": 0,
         "reliability": 0,
         "buf-limit": 4
         "filter": { "type": 2, "X": 1, "N": 1, "O": 0}
      },

      "packet": {
         "name": "CF_SPARE2_TLM_MID",
         "stream-id": "\u08B5",
         "dec-id": 2229,
         "priority": 0,
         "reliability": 0,
         "buf-limit": 4
         "filter": { "type": 2, "X": 1, "N": 1, "O": 0}
      },

      "packet": {
         "name": "CF_SPARE3_TLM_MID",
         "stream-id": "\u08B6",
         "dec-id": 2230,
         "priority": 0,
         "reliability": 0,
         "buf-limit": 4
         "filter": { "type": 2, "X": 1, "N": 1, "O": 0}
      },

      "packet": {
         "name": "CF_SPARE4_TLM_MID",
         "stream-id": "\u08B7",         
	      "dec-id": 2231,
         "priority": 0,
         "reliability": 0,
         "buf-limit": 4
         "filter": { "type": 2, "X": 1, "N": 1, "O": 0}
      },  

      "packet": {
         "name": "TEST",
         "stream-id": "\u0885",
         "dec-id": 2181,
         "priority": 0,
         "reliability": 0,
         "buf-limit": 4
         "filter": { "type": 2, "X": 1, "N": 1, "O": 0}
      },

      "packet": {
         "name": "F42_HK_TLM_MID",
         "stream-id": "\u09D0",
         "dec-id": 2512,
         "priority": 0,
         "reliability": 0,
         "buf-limit": 4
         "filter": { "type": 2, "X": 1, "N": 1, "O": 0}
      },

      "packet": {
         "name": "F42_CONTROL_MID",
         "stream-id": "\u09D1",
         "dec-id": 2513,
         "priority": 0,
         "reliability": 0,
         "buf-limit": 8
         "filter": { "type": 2, "X": 1, "N": 1, "O": 0}
      },

      "packet": {
         "name": "F42_SENSOR_DATA",
         "stream-id": "\u09D2",
         "dec-id": 2514,
         "priority": 0,
         "reliability": 0,
         "buf-limit": 4
         "filter": { "type": 2, "X": 1, "N": 1, "O": 0}
      },

      "packet": {
         "name": "F42_ACTUATOR_DATA",
         "stream-id": "\u09D3",
         "dec-id": 2515,
         "priority": 0,
         "reliability": 0,
         "buf-limit": 4
         "filter": { "type": 2, "X": 1, "N": 1, "O": 0}
      },
      
      "packet": {
         "name": "I42_HK_TLM_MID",
         "stream-id": "\u09E0",
         "dec-id": 2528,
         "priority": 0,
         "reliability": 0,
         "buf-limit": 4
         "filter": { "type": 2, "X": 1, "N": 1, "O": 0}
      },

      "packet": {
         "name": "ISIM_HK_TLM_MID",
         "stream-id": "\u09C0",
         "dec-id": 2496,
         "priority": 0,
         "reliability": 0,
         "buf-limit": 4
         "filter": { "type": 2, "X": 1, "N": 1, "O": 0}
      }

   ]
}
