{
"app": {

   "title": "OSK C Demo",
   "version": "1.4.0",
   "owner": "OpenSatkit",
   "url": "https://github.com/OpenSatKit/OpenSatKit",

   "description": [
      "OSK_C_DEMO provides an example app that uses the OSK C framework",
      "library(osk_c_fw). It explores options for parsing text files used",
      "for parameter and configuration settings."
   ],

   "system": {
      "build": true,
      "simsat": false
   },

   "cosmos": {
      "target": "OSK_C_DEMO"
   },
      
   "fsw": {
      "cfe-type": "CFE_APP",
      "obj-path-file": "/cf/osk_c_demo.so",
      "entry-symbol": "OSK_C_DEMO_AppMain",
      "name": "OSK_C_DEMO",
      "priority": 120,
      "stack": 16384,
      "load_addr": 0,
      "exception-action": 0,
      "app-framework": "osk_c_fw",
      "tables": [
         { 
                "name": "XML Demo Table",
                  "id": 0,
            "filename": "osk_c_demo_tbl.xml"
         },
         { 
                "name": "SCANF Demo Table",
                  "id": 1,
            "filename": "osk_c_demo_tbl.scanf"
         },
         { 
                "name": "JSON Demo Table",
                  "id": 2,
            "filename": "osk_c_demo_tbl.json"
         }
      ]
   }
}   
}
