{ "app": {
   
   "title": "OSK Telemetry Output",
   "version": "2.0.0",
   "owner": "OpenSatkit",
   "url": "https://github.com/OpenSatKit/OpenSatKit",

   "description": [
      "KIT_TO reads messages from the software bus and sends them to COSMOS using",
      "UDP. This serves teh same role as NASA/Goddard's TO_LAB app except",
      "it has a JSON packet definition table that defines which packets should",
      "be sent to COSMOS and how often using a packet filtering scheme."
   ],

   "system": {
      "build": true,
      "simsat": true
   },
   
   "cosmos": {
      "target": "KIT_TO"
   },
   
   "fsw": {
      "cfe-type": "CFE_APP",
      "obj-path-file": "/cf/kit_to.so",
      "entry-symbol": "KIT_TO_AppMain",
      "name": "KIT_TO",
      "priority": 30,
      "stack": 16384,
      "load_addr": 0,
      "exception-action": 0,
      "app-framework": "osk",
      "tables": [
         { 
                "name": "Packet Table",
                  "id": 0,
            "filename": "osk_to_pkt_tbl.json"
         }
      ],
      "cmd-mid": "KIT_TO_CMD_MID"
   }
   
}}
