{ "app": {
   
   "title": "OSK Scheduler",
   "version": "2.0.0",
   "owner": "OpenSatkit",
   "url": "https://github.com/OpenSatKit/OpenSatKit",

   "description": [
      "KIT_SCH provides a method of generating software bus messages at pre-determined",
      "timing intervals allowing the system to operate in a Time Division Multiplexed",
      "(TDM) manner with deterministic behavior. This is very similar to the",
      "NASA/Goddard SCH app except that it uses JSON text files as oppposed to",
      "SCH's binary tables."
   ],

   "system": {
      "build": true,
      "simsat": true
   },
   
   "cosmos": {
      "target": "KIT_SCH"
   },
   
   "fsw": {
      "cfe-type": "CFE_APP",
      "obj-path-file": "/cf/kit_sch.so",
      "entry-symbol": "KIT_SCH_AppMain",
      "name": "KIT_SCH",
      "priority": 10,
      "stack": 16384,
      "load_addr": 0,
      "exception-action": 0,
      "app-framework": "osk",
      "tables": [
         { 
                "name": "Message Table",
                  "id": 0,
            "filename": "osk_sch_msg_tbl.json"
         },
         { 
                "name": "Scheduler Table",
                  "id": 1,
            "filename": "osk_sch_sch_tbl.json"
         }
      ],
      "cmd-mid": "KIT_SCH_CMD_MID"
   }
   
}}


