{ 
"app": {
   
   "title": "Checksum",
   "version": "2.4.0",
   "owner": "NASA/Goddard",
   "url": "https://github.com/nasa/CS",

   "description": [
      "CS computes checksums across user-defined memory regions"
   ],
   
   "system": {
      "build": true,
      "simsat": true
   },
   
   "cosmos": {
      "target": "CS"
   },
   
   "fsw": {
      "cfe-type": "CFE_APP",
      "obj-path-file": "/cf/cs.so",
      "entry-symbol": "CS_AppMain",
      "name": "CS",
      "priority": 90,
      "stack": 16384,
      "load_addr": 0,
      "exception-action": 0,
      "app-framework": "cfs",
      "tables": [],
      "cmd-mid": "CS_CMD_MID"
   }
   
}}
