{ "app": {
   
   "title": "Memory Monitor",
   "version": "2.4.1",
   "owner": "NASA/Goddard",
   "url": "https://github.com/nasa/MM",

   "description": [
      "MM provides an operational interface for loading and dumping regions of",
      "memory."
   ],

   "system": {
      "build": true,
      "simsat": true
   },
   
   "cosmos": {
      "target": "MM"
   },
   
   "fsw": {
      "cfe-type": "CFE_APP",
      "obj-path-file": "/cf/mm.so",
      "entry-symbol": "MM_AppMain",
      "name": "MM",
      "priority": 90,
      "stack": 16384,
      "load_addr": 0,
      "exception-action": 0,
      "app-framework": "cfs",
      "tables": [],
      "cmd-mid": "MM_CMD_MID"
   }
   
}}
