{ "app": {
   
   "title": "Health & Safety",
   "version": "2.3.0",
   "owner": "NASA/Goddard",
   "url": "https://github.com/nasa/HS",

   "description": [
      "HS performs systems level health functions and monitoring with table-",
      "defined corrective actions. It monitors app checkin and events, services",
      "hardware watchdog, reports app execution counters, and provides CPU",
      "aliveness indication via a UART."
   ],

   "system": {
      "build": true,
      "simsat": true
   },
      
   "cosmos": {
      "target": "HS"
   },
   
   "fsw": {
      "cfe-type": "CFE_APP",
      "obj-path-file": "/cf/hs.so",
      "entry-symbol": "HS_AppMain",
      "name": "HS",
      "priority": 80,
      "stack": 16384,
      "load_addr": 0,
      "exception-action": 0,
      "app-framework": "cfs",
      "tables": [],
      "cmd-mid": "HS_CMD_MID"
   }
   
}}
