{ "app": {
   
   "title": "Trivial File Transfer Protocol",
   "version": "1.1.0",
   "owner": "OpenSatkit",
   "url": "https://github.com/OpenSatKit/OpenSatKit",

   "description": [
      "Implement the basic file transfer protion of RFC-1350.",
      "It does not implement the timer features."
   ],

   "system": {
      "build": true,
      "simsat": true
   },
   
   "cosmos": {
      "target": "TFTP"
   },
   
   "fsw": {
      "cfe-type": "CFE_APP",
      "obj-path-file": "/cf/tftp.so",
      "entry-symbol": "TFTP_AppMain",
      "name": "TFTP",
      "priority": 50,
      "stack": 16384,
      "load_addr": 0,
      "exception-action": 0,
      "app-framework": "osk",
      "tables": [],
      "cmd-mid": "TFTP_CMD_MID"
   }
   
}}


