TO Filter Table Definitions,,,,,,,,,,,,,,,,,,,,,,,,,
"Title, Version, Description etc.",,,,,,,,,,,,,,,,,,,,,,,,,
KEYWORDS MUST BE SPECIFIED IN THE ROW IDENTIFIED BY KEYWORD_ROW IN FIRST COLUMN.  Columns with no keyword are ignored.,,,,,,,,,,,,,,,,,,,,,,,,,
All rows above row KEYWORD ROW are ignored. ,,,,,,,,,,,,,,,,,,,,,,,,,
,,,,,,,,,,,,,,,,,,,,,,,,,
,,,,,,,,TO Filter Table 1,,,,,,TO Filter Table 2,,,,,,TO Filter Table 3,,,,,
,,,,,,,Total Filter Table Bits/Sec (Sync):,,,,,,0.0,,,,,,0.0,,,,,,0.0
,,,,,,,Computed Telemetry Rate (Bits/sec):,,,,,,0.0,,,,,,0.0,,,,,,0.0
,,,,,,,Available Bandwidth (Bits/Sec):,,,,,,"32,000",,,,,,"16,000",,,,,,"8,000"
,,,,,,,Bandwidth Utilized (%):,,,,,,0.0%,,,,,,0.0%,,,,,,0.0%
,APID Name,APID (Dec),APID (Hex),Packet Size (Bytes),Production Interval (sec),Packet Type,Nominal Bits/Sec,Filter Type,Remainder Limit (N),Filter (X),Offset (O),Effective Interval (sec),Filtered Bits/Sec,Filter Type,Remainder Limit (N),Filter (X),Offset (O),Effective Interval (sec),Filtered Bits/Sec,Filter Type,Remainder Limit (N),Filter (X),Offset (O),Effective Interval (sec),Filtered Bits/Sec
KEYWORD_ROW,APID_NAME,APID,,,,PIPE,,F1_TYPE,F1_N,F1_X,F1_O,,,F2_TYPE,F2_N,F2_X,F2_O,,,F3_TYPE,F3_N,F3_X,F3_O,,
,,,,,,,,,,,,,,,,,,,,,,,,,
0, Spare,0,0x0800,,,,0.0,,0,0,0,0.00,0.0,,0,0,0,0.00,0.0,,0,0,0,0.00,0.0
1, Spare,1,0x0801,,,,0.0,,0,0,0,0.00,0.0,,0,0,0,0.00,0.0,,0,0,0,0.00,0.0
2, Spare,2,0x0802,,,,0.0,,0,0,0,0.00,0.0,,0,0,0,0.00,0.0,,0,0,0,0.00,0.0
3, Spare,3,0x0803,,,,0.0,,0,0,0,0.00,0.0,,0,0,0,0.00,0.0,,0,0,0,0.00,0.0
4, Spare,4,0x0804,,,,0.0,,0,0,0,0.00,0.0,,0,0,0,0.00,0.0,,0,0,0,0.00,0.0
5, Spare,5,0x0805,,,,0.0,,0,0,0,0.00,0.0,,0,0,0,0.00,0.0,,0,0,0,0.00,0.0
6, Spare,6,0x0806,,,,0.0,,0,0,0,0.00,0.0,,0,0,0,0.00,0.0,,0,0,0,0.00,0.0
7, Spare,7,0x0807,,,,0.0,,0,0,0,0.00,0.0,,0,0,0,0.00,0.0,,0,0,0,0.00,0.0
8, Spare,8,0x0808,,,,0.0,,0,0,0,0.00,0.0,,0,0,0,0.00,0.0,,0,0,0,0.00,0.0
9, Spare,9,0x0809,,,,0.0,,0,0,0,0.00,0.0,,0,0,0,0.00,0.0,,0,0,0,0.00,0.0
10, Spare,10,0x080A,,,,0.0,,0,0,0,0.00,0.0,,0,0,0,0.00,0.0,,0,0,0,0.00,0.0
11, Spare,11,0x080B,,,,0.0,,0,0,0,0.00,0.0,,0,0,0,0.00,0.0,,0,0,0,0.00,0.0
12, Spare,12,0x080C,,,,0.0,,0,0,0,0.00,0.0,,0,0,0,0.00,0.0,,0,0,0,0.00,0.0
13, Spare,13,0x080D,,,,0.0,,0,0,0,0.00,0.0,,0,0,0,0.00,0.0,,0,0,0,0.00,0.0
14, Spare,14,0x080E,,,,0.0,,0,0,0,0.00,0.0,,0,0,0,0.00,0.0,,0,0,0,0.00,0.0
15, Spare,15,0x080F,,,,0.0,,0,0,0,0.00,0.0,,0,0,0,0.00,0.0,,0,0,0,0.00,0.0
16, Spare,16,0x0810,,,,0.0,,0,0,0,0.00,0.0,,0,0,0,0.00,0.0,,0,0,0,0.00,0.0
17, Spare,17,0x0811,,,,0.0,,0,0,0,0.00,0.0,,0,0,0,0.00,0.0,,0,0,0,0.00,0.0
18, Spare,18,0x0812,,,,0.0,,0,0,0,0.00,0.0,,0,0,0,0.00,0.0,,0,0,0,0.00,0.0
19, Spare,19,0x0813,,,,0.0,,0,0,0,0.00,0.0,,0,0,0,0.00,0.0,,0,0,0,0.00,0.0
20, Spare,20,0x0814,,,,0.0,,0,0,0,0.00,0.0,,0,0,0,0.00,0.0,,0,0,0,0.00,0.0
21, Spare,21,0x0815,,,,0.0,,0,0,0,0.00,0.0,,0,0,0,0.00,0.0,,0,0,0,0.00,0.0
22, Spare,22,0x0816,,,,0.0,,0,0,0,0.00,0.0,,0,0,0,0.00,0.0,,0,0,0,0.00,0.0
23, Spare,23,0x0817,,,,0.0,,0,0,0,0.00,0.0,,0,0,0,0.00,0.0,,0,0,0,0.00,0.0
24, Spare,24,0x0818,,,,0.0,,0,0,0,0.00,0.0,,0,0,0,0.00,0.0,,0,0,0,0.00,0.0
25, Spare,25,0x0819,,,,0.0,,0,0,0,0.00,0.0,,0,0,0,0.00,0.0,,0,0,0,0.00,0.0
26, Spare,26,0x081A,,,,0.0,,0,0,0,0.00,0.0,,0,0,0,0.00,0.0,,0,0,0,0.00,0.0
27, Spare,27,0x081B,,,,0.0,,0,0,0,0.00,0.0,,0,0,0,0.00,0.0,,0,0,0,0.00,0.0
28, Spare,28,0x081C,,,,0.0,,0,0,0,0.00,0.0,,0,0,0,0.00,0.0,,0,0,0,0.00,0.0
29, Spare,29,0x081D,,,,0.0,,0,0,0,0.00,0.0,,0,0,0,0.00,0.0,,0,0,0,0.00,0.0
30, Spare,30,0x081E,,,,0.0,,0,0,0,0.00,0.0,,0,0,0,0.00,0.0,,0,0,0,0.00,0.0
31, Spare,31,0x081F,,,,0.0,,0,0,0,0.00,0.0,,0,0,0,0.00,0.0,,0,0,0,0.00,0.0
32, Spare,32,0x0820,,,,0.0,,0,0,0,0.00,0.0,,0,0,0,0.00,0.0,,0,0,0,0.00,0.0
33, Spare,33,0x0821,,,,0.0,,0,0,0,0.00,0.0,,0,0,0,0.00,0.0,,0,0,0,0.00,0.0
34, Spare,34,0x0822,,,,0.0,,0,0,0,0.00,0.0,,0,0,0,0.00,0.0,,0,0,0,0.00,0.0
35, Spare,35,0x0823,,,,0.0,,0,0,0,0.00,0.0,,0,0,0,0.00,0.0,,0,0,0,0.00,0.0
36, Spare,36,0x0824,,,,0.0,,0,0,0,0.00,0.0,,0,0,0,0.00,0.0,,0,0,0,0.00,0.0
37, Spare,37,0x0825,,,,0.0,,0,0,0,0.00,0.0,,0,0,0,0.00,0.0,,0,0,0,0.00,0.0
38, Spare,38,0x0826,,,,0.0,,0,0,0,0.00,0.0,,0,0,0,0.00,0.0,,0,0,0,0.00,0.0
39, Spare,39,0x0827,,,,0.0,,0,0,0,0.00,0.0,,0,0,0,0.00,0.0,,0,0,0,0.00,0.0
40, Spare,40,0x0828,,,,0.0,,0,0,0,0.00,0.0,,0,0,0,0.00,0.0,,0,0,0,0.00,0.0
41, Spare,41,0x0829,,,,0.0,,0,0,0,0.00,0.0,,0,0,0,0.00,0.0,,0,0,0,0.00,0.0
42, Spare,42,0x082A,,,,0.0,,0,0,0,0.00,0.0,,0,0,0,0.00,0.0,,0,0,0,0.00,0.0
43, Spare,43,0x082B,,,,0.0,,0,0,0,0.00,0.0,,0,0,0,0.00,0.0,,0,0,0,0.00,0.0
44, Spare,44,0x082C,,,,0.0,,0,0,0,0.00,0.0,,0,0,0,0.00,0.0,,0,0,0,0.00,0.0
45, Spare,45,0x082D,,,,0.0,,0,0,0,0.00,0.0,,0,0,0,0.00,0.0,,0,0,0,0.00,0.0
46, Spare,46,0x082E,,,,0.0,,0,0,0,0.00,0.0,,0,0,0,0.00,0.0,,0,0,0,0.00,0.0
47, Spare,47,0x082F,,,,0.0,,0,0,0,0.00,0.0,,0,0,0,0.00,0.0,,0,0,0,0.00,0.0
48, Spare,48,0x0830,,,,0.0,,0,0,0,0.00,0.0,,0,0,0,0.00,0.0,,0,0,0,0.00,0.0
49, Spare,49,0x0831,,,,0.0,,0,0,0,0.00,0.0,,0,0,0,0.00,0.0,,0,0,0,0.00,0.0
50, Spare,50,0x0832,,,,0.0,,0,0,0,0.00,0.0,,0,0,0,0.00,0.0,,0,0,0,0.00,0.0
51, Spare,51,0x0833,,,,0.0,,0,0,0,0.00,0.0,,0,0,0,0.00,0.0,,0,0,0,0.00,0.0
52, Spare,52,0x0834,,,,0.0,,0,0,0,0.00,0.0,,0,0,0,0.00,0.0,,0,0,0,0.00,0.0
53, Spare,53,0x0835,,,,0.0,,0,0,0,0.00,0.0,,0,0,0,0.00,0.0,,0,0,0,0.00,0.0
54, Spare,54,0x0836,,,,0.0,,0,0,0,0.00,0.0,,0,0,0,0.00,0.0,,0,0,0,0.00,0.0
55, Spare,55,0x0837,,,,0.0,,0,0,0,0.00,0.0,,0,0,0,0.00,0.0,,0,0,0,0.00,0.0
56, Spare,56,0x0838,,,,0.0,,0,0,0,0.00,0.0,,0,0,0,0.00,0.0,,0,0,0,0.00,0.0
57, Spare,57,0x0839,,,,0.0,,0,0,0,0.00,0.0,,0,0,0,0.00,0.0,,0,0,0,0.00,0.0
58, Spare,58,0x083A,,,,0.0,,0,0,0,0.00,0.0,,0,0,0,0.00,0.0,,0,0,0,0.00,0.0
59, Spare,59,0x083B,,,,0.0,,0,0,0,0.00,0.0,,0,0,0,0.00,0.0,,0,0,0,0.00,0.0
60, Spare,60,0x083C,,,,0.0,,0,0,0,0.00,0.0,,0,0,0,0.00,0.0,,0,0,0,0.00,0.0
61, Spare,61,0x083D,,,,0.0,,0,0,0,0.00,0.0,,0,0,0,0.00,0.0,,0,0,0,0.00,0.0
62, Spare,62,0x083E,,,,0.0,,0,0,0,0.00,0.0,,0,0,0,0.00,0.0,,0,0,0,0.00,0.0
63, Spare,63,0x083F,,,,0.0,,0,0,0,0.00,0.0,,0,0,0,0.00,0.0,,0,0,0,0.00,0.0
64, Spare,64,0x0840,,,,0.0,,0,0,0,0.00,0.0,,0,0,0,0.00,0.0,,0,0,0,0.00,0.0
65, Spare,65,0x0841,,,,0.0,,0,0,0,0.00,0.0,,0,0,0,0.00,0.0,,0,0,0,0.00,0.0
66, Spare,66,0x0842,,,,0.0,,0,0,0,0.00,0.0,,0,0,0,0.00,0.0,,0,0,0,0.00,0.0
67, Spare,67,0x0843,,,,0.0,,0,0,0,0.00,0.0,,0,0,0,0.00,0.0,,0,0,0,0.00,0.0
68, Spare,68,0x0844,,,,0.0,,0,0,0,0.00,0.0,,0,0,0,0.00,0.0,,0,0,0,0.00,0.0
69, Spare,69,0x0845,,,,0.0,,0,0,0,0.00,0.0,,0,0,0,0.00,0.0,,0,0,0,0.00,0.0
70, Spare,70,0x0846,,,,0.0,,0,0,0,0.00,0.0,,0,0,0,0.00,0.0,,0,0,0,0.00,0.0
71, Spare,71,0x0847,,,,0.0,,0,0,0,0.00,0.0,,0,0,0,0.00,0.0,,0,0,0,0.00,0.0
72, Spare,72,0x0848,,,,0.0,,0,0,0,0.00,0.0,,0,0,0,0.00,0.0,,0,0,0,0.00,0.0
73, Spare,73,0x0849,,,,0.0,,0,0,0,0.00,0.0,,0,0,0,0.00,0.0,,0,0,0,0.00,0.0
74, Spare,74,0x084A,,,,0.0,,0,0,0,0.00,0.0,,0,0,0,0.00,0.0,,0,0,0,0.00,0.0
75, Spare,75,0x084B,,,,0.0,,0,0,0,0.00,0.0,,0,0,0,0.00,0.0,,0,0,0,0.00,0.0
76, Spare,76,0x084C,,,,0.0,,0,0,0,0.00,0.0,,0,0,0,0.00,0.0,,0,0,0,0.00,0.0
77, Spare,77,0x084D,,,,0.0,,0,0,0,0.00,0.0,,0,0,0,0.00,0.0,,0,0,0,0.00,0.0
78, Spare,78,0x084E,,,,0.0,,0,0,0,0.00,0.0,,0,0,0,0.00,0.0,,0,0,0,0.00,0.0
79, Spare,79,0x084F,,,,0.0,,0,0,0,0.00,0.0,,0,0,0,0.00,0.0,,0,0,0,0.00,0.0
80, Spare,80,0x0850,,,,0.0,,0,0,0,0.00,0.0,,0,0,0,0.00,0.0,,0,0,0,0.00,0.0
81, Spare,81,0x0851,,,,0.0,,0,0,0,0.00,0.0,,0,0,0,0.00,0.0,,0,0,0,0.00,0.0
82, Spare,82,0x0852,,,,0.0,,0,0,0,0.00,0.0,,0,0,0,0.00,0.0,,0,0,0,0.00,0.0
83, Spare,83,0x0853,,,,0.0,,0,0,0,0.00,0.0,,0,0,0,0.00,0.0,,0,0,0,0.00,0.0
84, Spare,84,0x0854,,,,0.0,,0,0,0,0.00,0.0,,0,0,0,0.00,0.0,,0,0,0,0.00,0.0
85, Spare,85,0x0855,,,,0.0,,0,0,0,0.00,0.0,,0,0,0,0.00,0.0,,0,0,0,0.00,0.0
86, Spare,86,0x0856,,,,0.0,,0,0,0,0.00,0.0,,0,0,0,0.00,0.0,,0,0,0,0.00,0.0
87, Spare,87,0x0857,,,,0.0,,0,0,0,0.00,0.0,,0,0,0,0.00,0.0,,0,0,0,0.00,0.0
88, Spare,88,0x0858,,,,0.0,,0,0,0,0.00,0.0,,0,0,0,0.00,0.0,,0,0,0,0.00,0.0
89, Spare,89,0x0859,,,,0.0,,0,0,0,0.00,0.0,,0,0,0,0.00,0.0,,0,0,0,0.00,0.0
90, Spare,90,0x085A,,,,0.0,,0,0,0,0.00,0.0,,0,0,0,0.00,0.0,,0,0,0,0.00,0.0
91, Spare,91,0x085B,,,,0.0,,0,0,0,0.00,0.0,,0,0,0,0.00,0.0,,0,0,0,0.00,0.0
92, Spare,92,0x085C,,,,0.0,,0,0,0,0.00,0.0,,0,0,0,0.00,0.0,,0,0,0,0.00,0.0
93, Spare,93,0x085D,,,,0.0,,0,0,0,0.00,0.0,,0,0,0,0.00,0.0,,0,0,0,0.00,0.0
94, Spare,94,0x085E,,,,0.0,,0,0,0,0.00,0.0,,0,0,0,0.00,0.0,,0,0,0,0.00,0.0
95, Spare,95,0x085F,,,,0.0,,0,0,0,0.00,0.0,,0,0,0,0.00,0.0,,0,0,0,0.00,0.0
96, Spare,96,0x0860,,,,0.0,,0,0,0,0.00,0.0,,0,0,0,0.00,0.0,,0,0,0,0.00,0.0
97, Spare,97,0x0861,,,,0.0,,0,0,0,0.00,0.0,,0,0,0,0.00,0.0,,0,0,0,0.00,0.0
98, Spare,98,0x0862,,,,0.0,,0,0,0,0.00,0.0,,0,0,0,0.00,0.0,,0,0,0,0.00,0.0
99, Spare,99,0x0863,,,,0.0,,0,0,0,0.00,0.0,,0,0,0,0.00,0.0,,0,0,0,0.00,0.0
100, Spare,100,0x0864,,,,0.0,,0,0,0,0.00,0.0,,0,0,0,0.00,0.0,,0,0,0,0.00,0.0
101, Spare,101,0x0865,,,,0.0,,0,0,0,0.00,0.0,,0,0,0,0.00,0.0,,0,0,0,0.00,0.0
102, Spare,102,0x0866,,,,0.0,,0,0,0,0.00,0.0,,0,0,0,0.00,0.0,,0,0,0,0.00,0.0
103, Spare,103,0x0867,,,,0.0,,0,0,0,0.00,0.0,,0,0,0,0.00,0.0,,0,0,0,0.00,0.0
104, Spare,104,0x0868,,,,0.0,,0,0,0,0.00,0.0,,0,0,0,0.00,0.0,,0,0,0,0.00,0.0
105, Spare,105,0x0869,,,,0.0,,0,0,0,0.00,0.0,,0,0,0,0.00,0.0,,0,0,0,0.00,0.0
106, Spare,106,0x086A,,,,0.0,,0,0,0,0.00,0.0,,0,0,0,0.00,0.0,,0,0,0,0.00,0.0
107, Spare,107,0x086B,,,,0.0,,0,0,0,0.00,0.0,,0,0,0,0.00,0.0,,0,0,0,0.00,0.0
108, Spare,108,0x086C,,,,0.0,,0,0,0,0.00,0.0,,0,0,0,0.00,0.0,,0,0,0,0.00,0.0
109, Spare,109,0x086D,,,,0.0,,0,0,0,0.00,0.0,,0,0,0,0.00,0.0,,0,0,0,0.00,0.0
110, Spare,110,0x086E,,,,0.0,,0,0,0,0.00,0.0,,0,0,0,0.00,0.0,,0,0,0,0.00,0.0
111, Spare,111,0x086F,,,,0.0,,0,0,0,0.00,0.0,,0,0,0,0.00,0.0,,0,0,0,0.00,0.0
112, Spare,112,0x0870,,,,0.0,,0,0,0,0.00,0.0,,0,0,0,0.00,0.0,,0,0,0,0.00,0.0
113, Spare,113,0x0871,,,,0.0,,0,0,0,0.00,0.0,,0,0,0,0.00,0.0,,0,0,0,0.00,0.0
114, Spare,114,0x0872,,,,0.0,,0,0,0,0.00,0.0,,0,0,0,0.00,0.0,,0,0,0,0.00,0.0
115, Spare,115,0x0873,,,,0.0,,0,0,0,0.00,0.0,,0,0,0,0.00,0.0,,0,0,0,0.00,0.0
116, Spare,116,0x0874,,,,0.0,,0,0,0,0.00,0.0,,0,0,0,0.00,0.0,,0,0,0,0.00,0.0
117, Spare,117,0x0875,,,,0.0,,0,0,0,0.00,0.0,,0,0,0,0.00,0.0,,0,0,0,0.00,0.0
118, Spare,118,0x0876,,,,0.0,,0,0,0,0.00,0.0,,0,0,0,0.00,0.0,,0,0,0,0.00,0.0
119, Spare,119,0x0877,,,,0.0,,0,0,0,0.00,0.0,,0,0,0,0.00,0.0,,0,0,0,0.00,0.0
120, Spare,120,0x0878,,,,0.0,,0,0,0,0.00,0.0,,0,0,0,0.00,0.0,,0,0,0,0.00,0.0
121, Spare,121,0x0879,,,,0.0,,0,0,0,0.00,0.0,,0,0,0,0.00,0.0,,0,0,0,0.00,0.0
122, Spare,122,0x087A,,,,0.0,,0,0,0,0.00,0.0,,0,0,0,0.00,0.0,,0,0,0,0.00,0.0
123, Spare,123,0x087B,,,,0.0,,0,0,0,0.00,0.0,,0,0,0,0.00,0.0,,0,0,0,0.00,0.0
124, Spare,124,0x087C,,,,0.0,,0,0,0,0.00,0.0,,0,0,0,0.00,0.0,,0,0,0,0.00,0.0
125, Spare,125,0x087D,,,,0.0,,0,0,0,0.00,0.0,,0,0,0,0.00,0.0,,0,0,0,0.00,0.0
126, Spare,126,0x087E,,,,0.0,,0,0,0,0.00,0.0,,0,0,0,0.00,0.0,,0,0,0,0.00,0.0
127, Spare,127,0x087F,,,,0.0,,0,0,0,0.00,0.0,,0,0,0,0.00,0.0,,0,0,0,0.00,0.0
128, Spare,128,0x0880,,,,0.0,,0,0,0,0.00,0.0,,0,0,0,0.00,0.0,,0,0,0,0.00,0.0
129, Spare,129,0x0881,,,,0.0,,0,0,0,0.00,0.0,,0,0,0,0.00,0.0,,0,0,0,0.00,0.0
130, Spare,130,0x0882,,,,0.0,,0,0,0,0.00,0.0,,0,0,0,0.00,0.0,,0,0,0,0.00,0.0
131, Spare,131,0x0883,,,,0.0,,0,0,0,0.00,0.0,,0,0,0,0.00,0.0,,0,0,0,0.00,0.0
132, Spare,132,0x0884,,,,0.0,,0,0,0,0.00,0.0,,0,0,0,0.00,0.0,,0,0,0,0.00,0.0
133, Spare,133,0x0885,,,,0.0,,0,0,0,0.00,0.0,,0,0,0,0.00,0.0,,0,0,0,0.00,0.0
134, Spare,134,0x0886,,,,0.0,,0,0,0,0.00,0.0,,0,0,0,0.00,0.0,,0,0,0,0.00,0.0
135, Spare,135,0x0887,,,,0.0,,0,0,0,0.00,0.0,,0,0,0,0.00,0.0,,0,0,0,0.00,0.0
136, Spare,136,0x0888,,,,0.0,,0,0,0,0.00,0.0,,0,0,0,0.00,0.0,,0,0,0,0.00,0.0
137, Spare,137,0x0889,,,,0.0,,0,0,0,0.00,0.0,,0,0,0,0.00,0.0,,0,0,0,0.00,0.0
138, Spare,138,0x088A,,,,0.0,,0,0,0,0.00,0.0,,0,0,0,0.00,0.0,,0,0,0,0.00,0.0
139, Spare,139,0x088B,,,,0.0,,0,0,0,0.00,0.0,,0,0,0,0.00,0.0,,0,0,0,0.00,0.0
140, Spare,140,0x088C,,,,0.0,,0,0,0,0.00,0.0,,0,0,0,0.00,0.0,,0,0,0,0.00,0.0
141, Spare,141,0x088D,,,,0.0,,0,0,0,0.00,0.0,,0,0,0,0.00,0.0,,0,0,0,0.00,0.0
142, Spare,142,0x088E,,,,0.0,,0,0,0,0.00,0.0,,0,0,0,0.00,0.0,,0,0,0,0.00,0.0
143, Spare,143,0x088F,,,,0.0,,0,0,0,0.00,0.0,,0,0,0,0.00,0.0,,0,0,0,0.00,0.0
144, Spare,144,0x0890,,,,0.0,,0,0,0,0.00,0.0,,0,0,0,0.00,0.0,,0,0,0,0.00,0.0
145, Spare,145,0x0891,,,,0.0,,0,0,0,0.00,0.0,,0,0,0,0.00,0.0,,0,0,0,0.00,0.0
146, Spare,146,0x0892,,,,0.0,,0,0,0,0.00,0.0,,0,0,0,0.00,0.0,,0,0,0,0.00,0.0
147, Spare,147,0x0893,,,,0.0,,0,0,0,0.00,0.0,,0,0,0,0.00,0.0,,0,0,0,0.00,0.0
148, Spare,148,0x0894,,,,0.0,,0,0,0,0.00,0.0,,0,0,0,0.00,0.0,,0,0,0,0.00,0.0
149, Spare,149,0x0895,,,,0.0,,0,0,0,0.00,0.0,,0,0,0,0.00,0.0,,0,0,0,0.00,0.0
150, Spare,150,0x0896,,,,0.0,,0,0,0,0.00,0.0,,0,0,0,0.00,0.0,,0,0,0,0.00,0.0
151, Spare,151,0x0897,,,,0.0,,0,0,0,0.00,0.0,,0,0,0,0.00,0.0,,0,0,0,0.00,0.0
152, Spare,152,0x0898,,,,0.0,,0,0,0,0.00,0.0,,0,0,0,0.00,0.0,,0,0,0,0.00,0.0
153, Spare,153,0x0899,,,,0.0,,0,0,0,0.00,0.0,,0,0,0,0.00,0.0,,0,0,0,0.00,0.0
154, Spare,154,0x089A,,,,0.0,,0,0,0,0.00,0.0,,0,0,0,0.00,0.0,,0,0,0,0.00,0.0
155, Spare,155,0x089B,,,,0.0,,0,0,0,0.00,0.0,,0,0,0,0.00,0.0,,0,0,0,0.00,0.0
156, Spare,156,0x089C,,,,0.0,,0,0,0,0.00,0.0,,0,0,0,0.00,0.0,,0,0,0,0.00,0.0
157, Spare,157,0x089D,,,,0.0,,0,0,0,0.00,0.0,,0,0,0,0.00,0.0,,0,0,0,0.00,0.0
158, Spare,158,0x089E,,,,0.0,,0,0,0,0.00,0.0,,0,0,0,0.00,0.0,,0,0,0,0.00,0.0
159, Spare,159,0x089F,,,,0.0,,0,0,0,0.00,0.0,,0,0,0,0.00,0.0,,0,0,0,0.00,0.0
160, Spare,160,0x08A0,,,,0.0,,0,0,0,0.00,0.0,,0,0,0,0.00,0.0,,0,0,0,0.00,0.0
161, Spare,161,0x08A1,,,,0.0,,0,0,0,0.00,0.0,,0,0,0,0.00,0.0,,0,0,0,0.00,0.0
162, Spare,162,0x08A2,,,,0.0,,0,0,0,0.00,0.0,,0,0,0,0.00,0.0,,0,0,0,0.00,0.0
163, Spare,163,0x08A3,,,,0.0,,0,0,0,0.00,0.0,,0,0,0,0.00,0.0,,0,0,0,0.00,0.0
164, Spare,164,0x08A4,,,,0.0,,0,0,0,0.00,0.0,,0,0,0,0.00,0.0,,0,0,0,0.00,0.0
165, Spare,165,0x08A5,,,,0.0,,0,0,0,0.00,0.0,,0,0,0,0.00,0.0,,0,0,0,0.00,0.0
166, Spare,166,0x08A6,,,,0.0,,0,0,0,0.00,0.0,,0,0,0,0.00,0.0,,0,0,0,0.00,0.0
167, Spare,167,0x08A7,,,,0.0,,0,0,0,0.00,0.0,,0,0,0,0.00,0.0,,0,0,0,0.00,0.0
168, Spare,168,0x08A8,,,,0.0,,0,0,0,0.00,0.0,,0,0,0,0.00,0.0,,0,0,0,0.00,0.0
169, Spare,169,0x08A9,,,,0.0,,0,0,0,0.00,0.0,,0,0,0,0.00,0.0,,0,0,0,0.00,0.0
170, Spare,170,0x08AA,,,,0.0,,0,0,0,0.00,0.0,,0,0,0,0.00,0.0,,0,0,0,0.00,0.0
171, Spare,171,0x08AB,,,,0.0,,0,0,0,0.00,0.0,,0,0,0,0.00,0.0,,0,0,0,0.00,0.0
172, Spare,172,0x08AC,,,,0.0,,0,0,0,0.00,0.0,,0,0,0,0.00,0.0,,0,0,0,0.00,0.0
173, Spare,173,0x08AD,,,,0.0,,0,0,0,0.00,0.0,,0,0,0,0.00,0.0,,0,0,0,0.00,0.0
174, Spare,174,0x08AE,,,,0.0,,0,0,0,0.00,0.0,,0,0,0,0.00,0.0,,0,0,0,0.00,0.0
175, Spare,175,0x08AF,,,,0.0,,0,0,0,0.00,0.0,,0,0,0,0.00,0.0,,0,0,0,0.00,0.0
176, Spare,176,0x08B0,,,,0.0,,0,0,0,0.00,0.0,,0,0,0,0.00,0.0,,0,0,0,0.00,0.0
177, Spare,177,0x08B1,,,,0.0,,0,0,0,0.00,0.0,,0,0,0,0.00,0.0,,0,0,0,0.00,0.0
178, Spare,178,0x08B2,,,,0.0,,0,0,0,0.00,0.0,,0,0,0,0.00,0.0,,0,0,0,0.00,0.0
179, Spare,179,0x08B3,,,,0.0,,0,0,0,0.00,0.0,,0,0,0,0.00,0.0,,0,0,0,0.00,0.0
180, Spare,180,0x08B4,,,,0.0,,0,0,0,0.00,0.0,,0,0,0,0.00,0.0,,0,0,0,0.00,0.0
181, Spare,181,0x08B5,,,,0.0,,0,0,0,0.00,0.0,,0,0,0,0.00,0.0,,0,0,0,0.00,0.0
182, Spare,182,0x08B6,,,,0.0,,0,0,0,0.00,0.0,,0,0,0,0.00,0.0,,0,0,0,0.00,0.0
183, Spare,183,0x08B7,,,,0.0,,0,0,0,0.00,0.0,,0,0,0,0.00,0.0,,0,0,0,0.00,0.0
184, Spare,184,0x08B8,,,,0.0,,0,0,0,0.00,0.0,,0,0,0,0.00,0.0,,0,0,0,0.00,0.0
185, Spare,185,0x08B9,,,,0.0,,0,0,0,0.00,0.0,,0,0,0,0.00,0.0,,0,0,0,0.00,0.0
186, Spare,186,0x08BA,,,,0.0,,0,0,0,0.00,0.0,,0,0,0,0.00,0.0,,0,0,0,0.00,0.0
187, Spare,187,0x08BB,,,,0.0,,0,0,0,0.00,0.0,,0,0,0,0.00,0.0,,0,0,0,0.00,0.0
188, Spare,188,0x08BC,,,,0.0,,0,0,0,0.00,0.0,,0,0,0,0.00,0.0,,0,0,0,0.00,0.0
189, Spare,189,0x08BD,,,,0.0,,0,0,0,0.00,0.0,,0,0,0,0.00,0.0,,0,0,0,0.00,0.0
190, Spare,190,0x08BE,,,,0.0,,0,0,0,0.00,0.0,,0,0,0,0.00,0.0,,0,0,0,0.00,0.0
191, Spare,191,0x08BF,,,,0.0,,0,0,0,0.00,0.0,,0,0,0,0.00,0.0,,0,0,0,0.00,0.0
192, Spare,192,0x08C0,,,,0.0,,0,0,0,0.00,0.0,,0,0,0,0.00,0.0,,0,0,0,0.00,0.0
193, Spare,193,0x08C1,,,,0.0,,0,0,0,0.00,0.0,,0,0,0,0.00,0.0,,0,0,0,0.00,0.0
194, Spare,194,0x08C2,,,,0.0,,0,0,0,0.00,0.0,,0,0,0,0.00,0.0,,0,0,0,0.00,0.0
195, Spare,195,0x08C3,,,,0.0,,0,0,0,0.00,0.0,,0,0,0,0.00,0.0,,0,0,0,0.00,0.0
196, Spare,196,0x08C4,,,,0.0,,0,0,0,0.00,0.0,,0,0,0,0.00,0.0,,0,0,0,0.00,0.0
197, Spare,197,0x08C5,,,,0.0,,0,0,0,0.00,0.0,,0,0,0,0.00,0.0,,0,0,0,0.00,0.0
198, Spare,198,0x08C6,,,,0.0,,0,0,0,0.00,0.0,,0,0,0,0.00,0.0,,0,0,0,0.00,0.0
199, Spare,199,0x08C7,,,,0.0,,0,0,0,0.00,0.0,,0,0,0,0.00,0.0,,0,0,0,0.00,0.0
200, Spare,200,0x08C8,,,,0.0,,0,0,0,0.00,0.0,,0,0,0,0.00,0.0,,0,0,0,0.00,0.0
201, Spare,201,0x08C9,,,,0.0,,0,0,0,0.00,0.0,,0,0,0,0.00,0.0,,0,0,0,0.00,0.0
202, Spare,202,0x08CA,,,,0.0,,0,0,0,0.00,0.0,,0,0,0,0.00,0.0,,0,0,0,0.00,0.0
203, Spare,203,0x08CB,,,,0.0,,0,0,0,0.00,0.0,,0,0,0,0.00,0.0,,0,0,0,0.00,0.0
204, Spare,204,0x08CC,,,,0.0,,0,0,0,0.00,0.0,,0,0,0,0.00,0.0,,0,0,0,0.00,0.0
205, Spare,205,0x08CD,,,,0.0,,0,0,0,0.00,0.0,,0,0,0,0.00,0.0,,0,0,0,0.00,0.0
206, Spare,206,0x08CE,,,,0.0,,0,0,0,0.00,0.0,,0,0,0,0.00,0.0,,0,0,0,0.00,0.0
207, Spare,207,0x08CF,,,,0.0,,0,0,0,0.00,0.0,,0,0,0,0.00,0.0,,0,0,0,0.00,0.0
208, Spare,208,0x08D0,,,,0.0,,0,0,0,0.00,0.0,,0,0,0,0.00,0.0,,0,0,0,0.00,0.0
209, Spare,209,0x08D1,,,,0.0,,0,0,0,0.00,0.0,,0,0,0,0.00,0.0,,0,0,0,0.00,0.0
210, Spare,210,0x08D2,,,,0.0,,0,0,0,0.00,0.0,,0,0,0,0.00,0.0,,0,0,0,0.00,0.0
211, Spare,211,0x08D3,,,,0.0,,0,0,0,0.00,0.0,,0,0,0,0.00,0.0,,0,0,0,0.00,0.0
212, Spare,212,0x08D4,,,,0.0,,0,0,0,0.00,0.0,,0,0,0,0.00,0.0,,0,0,0,0.00,0.0
213, Spare,213,0x08D5,,,,0.0,,0,0,0,0.00,0.0,,0,0,0,0.00,0.0,,0,0,0,0.00,0.0
214, Spare,214,0x08D6,,,,0.0,,0,0,0,0.00,0.0,,0,0,0,0.00,0.0,,0,0,0,0.00,0.0
215, Spare,215,0x08D7,,,,0.0,,0,0,0,0.00,0.0,,0,0,0,0.00,0.0,,0,0,0,0.00,0.0
216, Spare,216,0x08D8,,,,0.0,,0,0,0,0.00,0.0,,0,0,0,0.00,0.0,,0,0,0,0.00,0.0
217, Spare,217,0x08D9,,,,0.0,,0,0,0,0.00,0.0,,0,0,0,0.00,0.0,,0,0,0,0.00,0.0
218, Spare,218,0x08DA,,,,0.0,,0,0,0,0.00,0.0,,0,0,0,0.00,0.0,,0,0,0,0.00,0.0
219, Spare,219,0x08DB,,,,0.0,,0,0,0,0.00,0.0,,0,0,0,0.00,0.0,,0,0,0,0.00,0.0
220, Spare,220,0x08DC,,,,0.0,,0,0,0,0.00,0.0,,0,0,0,0.00,0.0,,0,0,0,0.00,0.0
221, Spare,221,0x08DD,,,,0.0,,0,0,0,0.00,0.0,,0,0,0,0.00,0.0,,0,0,0,0.00,0.0
222, Spare,222,0x08DE,,,,0.0,,0,0,0,0.00,0.0,,0,0,0,0.00,0.0,,0,0,0,0.00,0.0
223, Spare,223,0x08DF,,,,0.0,,0,0,0,0.00,0.0,,0,0,0,0.00,0.0,,0,0,0,0.00,0.0
224, Spare,224,0x08E0,,,,0.0,,0,0,0,0.00,0.0,,0,0,0,0.00,0.0,,0,0,0,0.00,0.0
225, Spare,225,0x08E1,,,,0.0,,0,0,0,0.00,0.0,,0,0,0,0.00,0.0,,0,0,0,0.00,0.0
226, Spare,226,0x08E2,,,,0.0,,0,0,0,0.00,0.0,,0,0,0,0.00,0.0,,0,0,0,0.00,0.0
227, Spare,227,0x08E3,,,,0.0,,0,0,0,0.00,0.0,,0,0,0,0.00,0.0,,0,0,0,0.00,0.0
228, Spare,228,0x08E4,,,,0.0,,0,0,0,0.00,0.0,,0,0,0,0.00,0.0,,0,0,0,0.00,0.0
229, Spare,229,0x08E5,,,,0.0,,0,0,0,0.00,0.0,,0,0,0,0.00,0.0,,0,0,0,0.00,0.0
230, Spare,230,0x08E6,,,,0.0,,0,0,0,0.00,0.0,,0,0,0,0.00,0.0,,0,0,0,0.00,0.0
231, Spare,231,0x08E7,,,,0.0,,0,0,0,0.00,0.0,,0,0,0,0.00,0.0,,0,0,0,0.00,0.0
232, Spare,232,0x08E8,,,,0.0,,0,0,0,0.00,0.0,,0,0,0,0.00,0.0,,0,0,0,0.00,0.0
233, Spare,233,0x08E9,,,,0.0,,0,0,0,0.00,0.0,,0,0,0,0.00,0.0,,0,0,0,0.00,0.0
234, Spare,234,0x08EA,,,,0.0,,0,0,0,0.00,0.0,,0,0,0,0.00,0.0,,0,0,0,0.00,0.0
235, Spare,235,0x08EB,,,,0.0,,0,0,0,0.00,0.0,,0,0,0,0.00,0.0,,0,0,0,0.00,0.0
236, Spare,236,0x08EC,,,,0.0,,0,0,0,0.00,0.0,,0,0,0,0.00,0.0,,0,0,0,0.00,0.0
237, Spare,237,0x08ED,,,,0.0,,0,0,0,0.00,0.0,,0,0,0,0.00,0.0,,0,0,0,0.00,0.0
238, Spare,238,0x08EE,,,,0.0,,0,0,0,0.00,0.0,,0,0,0,0.00,0.0,,0,0,0,0.00,0.0
239, Spare,239,0x08EF,,,,0.0,,0,0,0,0.00,0.0,,0,0,0,0.00,0.0,,0,0,0,0.00,0.0
240, Spare,240,0x08F0,,,,0.0,,0,0,0,0.00,0.0,,0,0,0,0.00,0.0,,0,0,0,0.00,0.0
241, Spare,241,0x08F1,,,,0.0,,0,0,0,0.00,0.0,,0,0,0,0.00,0.0,,0,0,0,0.00,0.0
242, Spare,242,0x08F2,,,,0.0,,0,0,0,0.00,0.0,,0,0,0,0.00,0.0,,0,0,0,0.00,0.0
243, Spare,243,0x08F3,,,,0.0,,0,0,0,0.00,0.0,,0,0,0,0.00,0.0,,0,0,0,0.00,0.0
244, Spare,244,0x08F4,,,,0.0,,0,0,0,0.00,0.0,,0,0,0,0.00,0.0,,0,0,0,0.00,0.0
245, Spare,245,0x08F5,,,,0.0,,0,0,0,0.00,0.0,,0,0,0,0.00,0.0,,0,0,0,0.00,0.0
246, Spare,246,0x08F6,,,,0.0,,0,0,0,0.00,0.0,,0,0,0,0.00,0.0,,0,0,0,0.00,0.0
247, Spare,247,0x08F7,,,,0.0,,0,0,0,0.00,0.0,,0,0,0,0.00,0.0,,0,0,0,0.00,0.0
248, Spare,248,0x08F8,,,,0.0,,0,0,0,0.00,0.0,,0,0,0,0.00,0.0,,0,0,0,0.00,0.0
249, Spare,249,0x08F9,,,,0.0,,0,0,0,0.00,0.0,,0,0,0,0.00,0.0,,0,0,0,0.00,0.0
250, Spare,250,0x08FA,,,,0.0,,0,0,0,0.00,0.0,,0,0,0,0.00,0.0,,0,0,0,0.00,0.0
251, Spare,251,0x08FB,,,,0.0,,0,0,0,0.00,0.0,,0,0,0,0.00,0.0,,0,0,0,0.00,0.0
252, Spare,252,0x08FC,,,,0.0,,0,0,0,0.00,0.0,,0,0,0,0.00,0.0,,0,0,0,0.00,0.0
253, Spare,253,0x08FD,,,,0.0,,0,0,0,0.00,0.0,,0,0,0,0.00,0.0,,0,0,0,0.00,0.0
254, Spare,254,0x08FE,,,,0.0,,0,0,0,0.00,0.0,,0,0,0,0.00,0.0,,0,0,0,0.00,0.0
255, Spare,255,0x08FF,,,,0.0,,0,0,0,0.00,0.0,,0,0,0,0.00,0.0,,0,0,0,0.00,0.0
256, Spare,256,0x0900,,,,0.0,,0,0,0,0.00,0.0,,0,0,0,0.00,0.0,,0,0,0,0.00,0.0
257, Spare,257,0x0901,,,,0.0,,0,0,0,0.00,0.0,,0,0,0,0.00,0.0,,0,0,0,0.00,0.0
258, Spare,258,0x0902,,,,0.0,,0,0,0,0.00,0.0,,0,0,0,0.00,0.0,,0,0,0,0.00,0.0
259, Spare,259,0x0903,,,,0.0,,0,0,0,0.00,0.0,,0,0,0,0.00,0.0,,0,0,0,0.00,0.0
260, Spare,260,0x0904,,,,0.0,,0,0,0,0.00,0.0,,0,0,0,0.00,0.0,,0,0,0,0.00,0.0
261, Spare,261,0x0905,,,,0.0,,0,0,0,0.00,0.0,,0,0,0,0.00,0.0,,0,0,0,0.00,0.0
262, Spare,262,0x0906,,,,0.0,,0,0,0,0.00,0.0,,0,0,0,0.00,0.0,,0,0,0,0.00,0.0
263, Spare,263,0x0907,,,,0.0,,0,0,0,0.00,0.0,,0,0,0,0.00,0.0,,0,0,0,0.00,0.0
264, Spare,264,0x0908,,,,0.0,,0,0,0,0.00,0.0,,0,0,0,0.00,0.0,,0,0,0,0.00,0.0
265, Spare,265,0x0909,,,,0.0,,0,0,0,0.00,0.0,,0,0,0,0.00,0.0,,0,0,0,0.00,0.0
266, Spare,266,0x090A,,,,0.0,,0,0,0,0.00,0.0,,0,0,0,0.00,0.0,,0,0,0,0.00,0.0
267, Spare,267,0x090B,,,,0.0,,0,0,0,0.00,0.0,,0,0,0,0.00,0.0,,0,0,0,0.00,0.0
268, Spare,268,0x090C,,,,0.0,,0,0,0,0.00,0.0,,0,0,0,0.00,0.0,,0,0,0,0.00,0.0
269, Spare,269,0x090D,,,,0.0,,0,0,0,0.00,0.0,,0,0,0,0.00,0.0,,0,0,0,0.00,0.0
270, Spare,270,0x090E,,,,0.0,,0,0,0,0.00,0.0,,0,0,0,0.00,0.0,,0,0,0,0.00,0.0
271, Spare,271,0x090F,,,,0.0,,0,0,0,0.00,0.0,,0,0,0,0.00,0.0,,0,0,0,0.00,0.0
272, Spare,272,0x0910,,,,0.0,,0,0,0,0.00,0.0,,0,0,0,0.00,0.0,,0,0,0,0.00,0.0
273, Spare,273,0x0911,,,,0.0,,0,0,0,0.00,0.0,,0,0,0,0.00,0.0,,0,0,0,0.00,0.0
274, Spare,274,0x0912,,,,0.0,,0,0,0,0.00,0.0,,0,0,0,0.00,0.0,,0,0,0,0.00,0.0
275, Spare,275,0x0913,,,,0.0,,0,0,0,0.00,0.0,,0,0,0,0.00,0.0,,0,0,0,0.00,0.0
276, Spare,276,0x0914,,,,0.0,,0,0,0,0.00,0.0,,0,0,0,0.00,0.0,,0,0,0,0.00,0.0
277, Spare,277,0x0915,,,,0.0,,0,0,0,0.00,0.0,,0,0,0,0.00,0.0,,0,0,0,0.00,0.0
278, Spare,278,0x0916,,,,0.0,,0,0,0,0.00,0.0,,0,0,0,0.00,0.0,,0,0,0,0.00,0.0
279, Spare,279,0x0917,,,,0.0,,0,0,0,0.00,0.0,,0,0,0,0.00,0.0,,0,0,0,0.00,0.0
280, Spare,280,0x0918,,,,0.0,,0,0,0,0.00,0.0,,0,0,0,0.00,0.0,,0,0,0,0.00,0.0
281, Spare,281,0x0919,,,,0.0,,0,0,0,0.00,0.0,,0,0,0,0.00,0.0,,0,0,0,0.00,0.0
282, Spare,282,0x091A,,,,0.0,,0,0,0,0.00,0.0,,0,0,0,0.00,0.0,,0,0,0,0.00,0.0
283, Spare,283,0x091B,,,,0.0,,0,0,0,0.00,0.0,,0,0,0,0.00,0.0,,0,0,0,0.00,0.0
284, Spare,284,0x091C,,,,0.0,,0,0,0,0.00,0.0,,0,0,0,0.00,0.0,,0,0,0,0.00,0.0
285, Spare,285,0x091D,,,,0.0,,0,0,0,0.00,0.0,,0,0,0,0.00,0.0,,0,0,0,0.00,0.0
286, Spare,286,0x091E,,,,0.0,,0,0,0,0.00,0.0,,0,0,0,0.00,0.0,,0,0,0,0.00,0.0
287, Spare,287,0x091F,,,,0.0,,0,0,0,0.00,0.0,,0,0,0,0.00,0.0,,0,0,0,0.00,0.0
288, Spare,288,0x0920,,,,0.0,,0,0,0,0.00,0.0,,0,0,0,0.00,0.0,,0,0,0,0.00,0.0
289, Spare,289,0x0921,,,,0.0,,0,0,0,0.00,0.0,,0,0,0,0.00,0.0,,0,0,0,0.00,0.0
290, Spare,290,0x0922,,,,0.0,,0,0,0,0.00,0.0,,0,0,0,0.00,0.0,,0,0,0,0.00,0.0
291, Spare,291,0x0923,,,,0.0,,0,0,0,0.00,0.0,,0,0,0,0.00,0.0,,0,0,0,0.00,0.0
292, Spare,292,0x0924,,,,0.0,,0,0,0,0.00,0.0,,0,0,0,0.00,0.0,,0,0,0,0.00,0.0
293, Spare,293,0x0925,,,,0.0,,0,0,0,0.00,0.0,,0,0,0,0.00,0.0,,0,0,0,0.00,0.0
294, Spare,294,0x0926,,,,0.0,,0,0,0,0.00,0.0,,0,0,0,0.00,0.0,,0,0,0,0.00,0.0
295, Spare,295,0x0927,,,,0.0,,0,0,0,0.00,0.0,,0,0,0,0.00,0.0,,0,0,0,0.00,0.0
296, Spare,296,0x0928,,,,0.0,,0,0,0,0.00,0.0,,0,0,0,0.00,0.0,,0,0,0,0.00,0.0
297, Spare,297,0x0929,,,,0.0,,0,0,0,0.00,0.0,,0,0,0,0.00,0.0,,0,0,0,0.00,0.0
298, Spare,298,0x092A,,,,0.0,,0,0,0,0.00,0.0,,0,0,0,0.00,0.0,,0,0,0,0.00,0.0
299, Spare,299,0x092B,,,,0.0,,0,0,0,0.00,0.0,,0,0,0,0.00,0.0,,0,0,0,0.00,0.0
300, Spare,300,0x092C,,,,0.0,,0,0,0,0.00,0.0,,0,0,0,0.00,0.0,,0,0,0,0.00,0.0
301, Spare,301,0x092D,,,,0.0,,0,0,0,0.00,0.0,,0,0,0,0.00,0.0,,0,0,0,0.00,0.0
302, Spare,302,0x092E,,,,0.0,,0,0,0,0.00,0.0,,0,0,0,0.00,0.0,,0,0,0,0.00,0.0
303, Spare,303,0x092F,,,,0.0,,0,0,0,0.00,0.0,,0,0,0,0.00,0.0,,0,0,0,0.00,0.0
304, Spare,304,0x0930,,,,0.0,,0,0,0,0.00,0.0,,0,0,0,0.00,0.0,,0,0,0,0.00,0.0
305, Spare,305,0x0931,,,,0.0,,0,0,0,0.00,0.0,,0,0,0,0.00,0.0,,0,0,0,0.00,0.0
306, Spare,306,0x0932,,,,0.0,,0,0,0,0.00,0.0,,0,0,0,0.00,0.0,,0,0,0,0.00,0.0
307, Spare,307,0x0933,,,,0.0,,0,0,0,0.00,0.0,,0,0,0,0.00,0.0,,0,0,0,0.00,0.0
308, Spare,308,0x0934,,,,0.0,,0,0,0,0.00,0.0,,0,0,0,0.00,0.0,,0,0,0,0.00,0.0
309, Spare,309,0x0935,,,,0.0,,0,0,0,0.00,0.0,,0,0,0,0.00,0.0,,0,0,0,0.00,0.0
310, Spare,310,0x0936,,,,0.0,,0,0,0,0.00,0.0,,0,0,0,0.00,0.0,,0,0,0,0.00,0.0
311, Spare,311,0x0937,,,,0.0,,0,0,0,0.00,0.0,,0,0,0,0.00,0.0,,0,0,0,0.00,0.0
312, Spare,312,0x0938,,,,0.0,,0,0,0,0.00,0.0,,0,0,0,0.00,0.0,,0,0,0,0.00,0.0
313, Spare,313,0x0939,,,,0.0,,0,0,0,0.00,0.0,,0,0,0,0.00,0.0,,0,0,0,0.00,0.0
314, Spare,314,0x093A,,,,0.0,,0,0,0,0.00,0.0,,0,0,0,0.00,0.0,,0,0,0,0.00,0.0
315, Spare,315,0x093B,,,,0.0,,0,0,0,0.00,0.0,,0,0,0,0.00,0.0,,0,0,0,0.00,0.0
316, Spare,316,0x093C,,,,0.0,,0,0,0,0.00,0.0,,0,0,0,0.00,0.0,,0,0,0,0.00,0.0
317, Spare,317,0x093D,,,,0.0,,0,0,0,0.00,0.0,,0,0,0,0.00,0.0,,0,0,0,0.00,0.0
318, Spare,318,0x093E,,,,0.0,,0,0,0,0.00,0.0,,0,0,0,0.00,0.0,,0,0,0,0.00,0.0
319, Spare,319,0x093F,,,,0.0,,0,0,0,0.00,0.0,,0,0,0,0.00,0.0,,0,0,0,0.00,0.0
320, Spare,320,0x0940,,,,0.0,,0,0,0,0.00,0.0,,0,0,0,0.00,0.0,,0,0,0,0.00,0.0
321, Spare,321,0x0941,,,,0.0,,0,0,0,0.00,0.0,,0,0,0,0.00,0.0,,0,0,0,0.00,0.0
322, Spare,322,0x0942,,,,0.0,,0,0,0,0.00,0.0,,0,0,0,0.00,0.0,,0,0,0,0.00,0.0
323, Spare,323,0x0943,,,,0.0,,0,0,0,0.00,0.0,,0,0,0,0.00,0.0,,0,0,0,0.00,0.0
324, Spare,324,0x0944,,,,0.0,,0,0,0,0.00,0.0,,0,0,0,0.00,0.0,,0,0,0,0.00,0.0
325, Spare,325,0x0945,,,,0.0,,0,0,0,0.00,0.0,,0,0,0,0.00,0.0,,0,0,0,0.00,0.0
326, Spare,326,0x0946,,,,0.0,,0,0,0,0.00,0.0,,0,0,0,0.00,0.0,,0,0,0,0.00,0.0
327, Spare,327,0x0947,,,,0.0,,0,0,0,0.00,0.0,,0,0,0,0.00,0.0,,0,0,0,0.00,0.0
328, Spare,328,0x0948,,,,0.0,,0,0,0,0.00,0.0,,0,0,0,0.00,0.0,,0,0,0,0.00,0.0
329, Spare,329,0x0949,,,,0.0,,0,0,0,0.00,0.0,,0,0,0,0.00,0.0,,0,0,0,0.00,0.0
330, Spare,330,0x094A,,,,0.0,,0,0,0,0.00,0.0,,0,0,0,0.00,0.0,,0,0,0,0.00,0.0
331, Spare,331,0x094B,,,,0.0,,0,0,0,0.00,0.0,,0,0,0,0.00,0.0,,0,0,0,0.00,0.0
332, Spare,332,0x094C,,,,0.0,,0,0,0,0.00,0.0,,0,0,0,0.00,0.0,,0,0,0,0.00,0.0
333, Spare,333,0x094D,,,,0.0,,0,0,0,0.00,0.0,,0,0,0,0.00,0.0,,0,0,0,0.00,0.0
334, Spare,334,0x094E,,,,0.0,,0,0,0,0.00,0.0,,0,0,0,0.00,0.0,,0,0,0,0.00,0.0
335, Spare,335,0x094F,,,,0.0,,0,0,0,0.00,0.0,,0,0,0,0.00,0.0,,0,0,0,0.00,0.0
336, Spare,336,0x0950,,,,0.0,,0,0,0,0.00,0.0,,0,0,0,0.00,0.0,,0,0,0,0.00,0.0
337, Spare,337,0x0951,,,,0.0,,0,0,0,0.00,0.0,,0,0,0,0.00,0.0,,0,0,0,0.00,0.0
338, Spare,338,0x0952,,,,0.0,,0,0,0,0.00,0.0,,0,0,0,0.00,0.0,,0,0,0,0.00,0.0
339, Spare,339,0x0953,,,,0.0,,0,0,0,0.00,0.0,,0,0,0,0.00,0.0,,0,0,0,0.00,0.0
340, Spare,340,0x0954,,,,0.0,,0,0,0,0.00,0.0,,0,0,0,0.00,0.0,,0,0,0,0.00,0.0
341, Spare,341,0x0955,,,,0.0,,0,0,0,0.00,0.0,,0,0,0,0.00,0.0,,0,0,0,0.00,0.0
342, Spare,342,0x0956,,,,0.0,,0,0,0,0.00,0.0,,0,0,0,0.00,0.0,,0,0,0,0.00,0.0
343, Spare,343,0x0957,,,,0.0,,0,0,0,0.00,0.0,,0,0,0,0.00,0.0,,0,0,0,0.00,0.0
344, Spare,344,0x0958,,,,0.0,,0,0,0,0.00,0.0,,0,0,0,0.00,0.0,,0,0,0,0.00,0.0
345, Spare,345,0x0959,,,,0.0,,0,0,0,0.00,0.0,,0,0,0,0.00,0.0,,0,0,0,0.00,0.0
346, Spare,346,0x095A,,,,0.0,,0,0,0,0.00,0.0,,0,0,0,0.00,0.0,,0,0,0,0.00,0.0
347, Spare,347,0x095B,,,,0.0,,0,0,0,0.00,0.0,,0,0,0,0.00,0.0,,0,0,0,0.00,0.0
348, Spare,348,0x095C,,,,0.0,,0,0,0,0.00,0.0,,0,0,0,0.00,0.0,,0,0,0,0.00,0.0
349, Spare,349,0x095D,,,,0.0,,0,0,0,0.00,0.0,,0,0,0,0.00,0.0,,0,0,0,0.00,0.0
350, Spare,350,0x095E,,,,0.0,,0,0,0,0.00,0.0,,0,0,0,0.00,0.0,,0,0,0,0.00,0.0
351, Spare,351,0x095F,,,,0.0,,0,0,0,0.00,0.0,,0,0,0,0.00,0.0,,0,0,0,0.00,0.0
352, Spare,352,0x0960,,,,0.0,,0,0,0,0.00,0.0,,0,0,0,0.00,0.0,,0,0,0,0.00,0.0
353, Spare,353,0x0961,,,,0.0,,0,0,0,0.00,0.0,,0,0,0,0.00,0.0,,0,0,0,0.00,0.0
354, Spare,354,0x0962,,,,0.0,,0,0,0,0.00,0.0,,0,0,0,0.00,0.0,,0,0,0,0.00,0.0
355, Spare,355,0x0963,,,,0.0,,0,0,0,0.00,0.0,,0,0,0,0.00,0.0,,0,0,0,0.00,0.0
356, Spare,356,0x0964,,,,0.0,,0,0,0,0.00,0.0,,0,0,0,0.00,0.0,,0,0,0,0.00,0.0
357, Spare,357,0x0965,,,,0.0,,0,0,0,0.00,0.0,,0,0,0,0.00,0.0,,0,0,0,0.00,0.0
358, Spare,358,0x0966,,,,0.0,,0,0,0,0.00,0.0,,0,0,0,0.00,0.0,,0,0,0,0.00,0.0
359, Spare,359,0x0967,,,,0.0,,0,0,0,0.00,0.0,,0,0,0,0.00,0.0,,0,0,0,0.00,0.0
360, Spare,360,0x0968,,,,0.0,,0,0,0,0.00,0.0,,0,0,0,0.00,0.0,,0,0,0,0.00,0.0
361, Spare,361,0x0969,,,,0.0,,0,0,0,0.00,0.0,,0,0,0,0.00,0.0,,0,0,0,0.00,0.0
362, Spare,362,0x096A,,,,0.0,,0,0,0,0.00,0.0,,0,0,0,0.00,0.0,,0,0,0,0.00,0.0
363, Spare,363,0x096B,,,,0.0,,0,0,0,0.00,0.0,,0,0,0,0.00,0.0,,0,0,0,0.00,0.0
364, Spare,364,0x096C,,,,0.0,,0,0,0,0.00,0.0,,0,0,0,0.00,0.0,,0,0,0,0.00,0.0
365, Spare,365,0x096D,,,,0.0,,0,0,0,0.00,0.0,,0,0,0,0.00,0.0,,0,0,0,0.00,0.0
366, Spare,366,0x096E,,,,0.0,,0,0,0,0.00,0.0,,0,0,0,0.00,0.0,,0,0,0,0.00,0.0
367, Spare,367,0x096F,,,,0.0,,0,0,0,0.00,0.0,,0,0,0,0.00,0.0,,0,0,0,0.00,0.0
368, Spare,368,0x0970,,,,0.0,,0,0,0,0.00,0.0,,0,0,0,0.00,0.0,,0,0,0,0.00,0.0
369, Spare,369,0x0971,,,,0.0,,0,0,0,0.00,0.0,,0,0,0,0.00,0.0,,0,0,0,0.00,0.0
370, Spare,370,0x0972,,,,0.0,,0,0,0,0.00,0.0,,0,0,0,0.00,0.0,,0,0,0,0.00,0.0
371, Spare,371,0x0973,,,,0.0,,0,0,0,0.00,0.0,,0,0,0,0.00,0.0,,0,0,0,0.00,0.0
372, Spare,372,0x0974,,,,0.0,,0,0,0,0.00,0.0,,0,0,0,0.00,0.0,,0,0,0,0.00,0.0
373, Spare,373,0x0975,,,,0.0,,0,0,0,0.00,0.0,,0,0,0,0.00,0.0,,0,0,0,0.00,0.0
374, Spare,374,0x0976,,,,0.0,,0,0,0,0.00,0.0,,0,0,0,0.00,0.0,,0,0,0,0.00,0.0
375, Spare,375,0x0977,,,,0.0,,0,0,0,0.00,0.0,,0,0,0,0.00,0.0,,0,0,0,0.00,0.0
376, Spare,376,0x0978,,,,0.0,,0,0,0,0.00,0.0,,0,0,0,0.00,0.0,,0,0,0,0.00,0.0
377, Spare,377,0x0979,,,,0.0,,0,0,0,0.00,0.0,,0,0,0,0.00,0.0,,0,0,0,0.00,0.0
378, Spare,378,0x097A,,,,0.0,,0,0,0,0.00,0.0,,0,0,0,0.00,0.0,,0,0,0,0.00,0.0
379, Spare,379,0x097B,,,,0.0,,0,0,0,0.00,0.0,,0,0,0,0.00,0.0,,0,0,0,0.00,0.0
380, Spare,380,0x097C,,,,0.0,,0,0,0,0.00,0.0,,0,0,0,0.00,0.0,,0,0,0,0.00,0.0
381, Spare,381,0x097D,,,,0.0,,0,0,0,0.00,0.0,,0,0,0,0.00,0.0,,0,0,0,0.00,0.0
382, Spare,382,0x097E,,,,0.0,,0,0,0,0.00,0.0,,0,0,0,0.00,0.0,,0,0,0,0.00,0.0
383, Spare,383,0x097F,,,,0.0,,0,0,0,0.00,0.0,,0,0,0,0.00,0.0,,0,0,0,0.00,0.0
384, Spare,384,0x0980,,,,0.0,,0,0,0,0.00,0.0,,0,0,0,0.00,0.0,,0,0,0,0.00,0.0
385, Spare,385,0x0981,,,,0.0,,0,0,0,0.00,0.0,,0,0,0,0.00,0.0,,0,0,0,0.00,0.0
386, Spare,386,0x0982,,,,0.0,,0,0,0,0.00,0.0,,0,0,0,0.00,0.0,,0,0,0,0.00,0.0
387, Spare,387,0x0983,,,,0.0,,0,0,0,0.00,0.0,,0,0,0,0.00,0.0,,0,0,0,0.00,0.0
388, Spare,388,0x0984,,,,0.0,,0,0,0,0.00,0.0,,0,0,0,0.00,0.0,,0,0,0,0.00,0.0
389, Spare,389,0x0985,,,,0.0,,0,0,0,0.00,0.0,,0,0,0,0.00,0.0,,0,0,0,0.00,0.0
390, Spare,390,0x0986,,,,0.0,,0,0,0,0.00,0.0,,0,0,0,0.00,0.0,,0,0,0,0.00,0.0
391, Spare,391,0x0987,,,,0.0,,0,0,0,0.00,0.0,,0,0,0,0.00,0.0,,0,0,0,0.00,0.0
392, Spare,392,0x0988,,,,0.0,,0,0,0,0.00,0.0,,0,0,0,0.00,0.0,,0,0,0,0.00,0.0
393, Spare,393,0x0989,,,,0.0,,0,0,0,0.00,0.0,,0,0,0,0.00,0.0,,0,0,0,0.00,0.0
394, Spare,394,0x098A,,,,0.0,,0,0,0,0.00,0.0,,0,0,0,0.00,0.0,,0,0,0,0.00,0.0
395, Spare,395,0x098B,,,,0.0,,0,0,0,0.00,0.0,,0,0,0,0.00,0.0,,0,0,0,0.00,0.0
396, Spare,396,0x098C,,,,0.0,,0,0,0,0.00,0.0,,0,0,0,0.00,0.0,,0,0,0,0.00,0.0
397, Spare,397,0x098D,,,,0.0,,0,0,0,0.00,0.0,,0,0,0,0.00,0.0,,0,0,0,0.00,0.0
398, Spare,398,0x098E,,,,0.0,,0,0,0,0.00,0.0,,0,0,0,0.00,0.0,,0,0,0,0.00,0.0
399, Spare,399,0x098F,,,,0.0,,0,0,0,0.00,0.0,,0,0,0,0.00,0.0,,0,0,0,0.00,0.0
400, Spare,400,0x0990,,,,0.0,,0,0,0,0.00,0.0,,0,0,0,0.00,0.0,,0,0,0,0.00,0.0
401, Spare,401,0x0991,,,,0.0,,0,0,0,0.00,0.0,,0,0,0,0.00,0.0,,0,0,0,0.00,0.0
402, Spare,402,0x0992,,,,0.0,,0,0,0,0.00,0.0,,0,0,0,0.00,0.0,,0,0,0,0.00,0.0
403, Spare,403,0x0993,,,,0.0,,0,0,0,0.00,0.0,,0,0,0,0.00,0.0,,0,0,0,0.00,0.0
404, Spare,404,0x0994,,,,0.0,,0,0,0,0.00,0.0,,0,0,0,0.00,0.0,,0,0,0,0.00,0.0
405, Spare,405,0x0995,,,,0.0,,0,0,0,0.00,0.0,,0,0,0,0.00,0.0,,0,0,0,0.00,0.0
406, Spare,406,0x0996,,,,0.0,,0,0,0,0.00,0.0,,0,0,0,0.00,0.0,,0,0,0,0.00,0.0
407, Spare,407,0x0997,,,,0.0,,0,0,0,0.00,0.0,,0,0,0,0.00,0.0,,0,0,0,0.00,0.0
408, Spare,408,0x0998,,,,0.0,,0,0,0,0.00,0.0,,0,0,0,0.00,0.0,,0,0,0,0.00,0.0
409, Spare,409,0x0999,,,,0.0,,0,0,0,0.00,0.0,,0,0,0,0.00,0.0,,0,0,0,0.00,0.0
410, Spare,410,0x099A,,,,0.0,,0,0,0,0.00,0.0,,0,0,0,0.00,0.0,,0,0,0,0.00,0.0
411, Spare,411,0x099B,,,,0.0,,0,0,0,0.00,0.0,,0,0,0,0.00,0.0,,0,0,0,0.00,0.0
412, Spare,412,0x099C,,,,0.0,,0,0,0,0.00,0.0,,0,0,0,0.00,0.0,,0,0,0,0.00,0.0
413, Spare,413,0x099D,,,,0.0,,0,0,0,0.00,0.0,,0,0,0,0.00,0.0,,0,0,0,0.00,0.0
414, Spare,414,0x099E,,,,0.0,,0,0,0,0.00,0.0,,0,0,0,0.00,0.0,,0,0,0,0.00,0.0
415, Spare,415,0x099F,,,,0.0,,0,0,0,0.00,0.0,,0,0,0,0.00,0.0,,0,0,0,0.00,0.0
416, Spare,416,0x09A0,,,,0.0,,0,0,0,0.00,0.0,,0,0,0,0.00,0.0,,0,0,0,0.00,0.0
417, Spare,417,0x09A1,,,,0.0,,0,0,0,0.00,0.0,,0,0,0,0.00,0.0,,0,0,0,0.00,0.0
418, Spare,418,0x09A2,,,,0.0,,0,0,0,0.00,0.0,,0,0,0,0.00,0.0,,0,0,0,0.00,0.0
419, Spare,419,0x09A3,,,,0.0,,0,0,0,0.00,0.0,,0,0,0,0.00,0.0,,0,0,0,0.00,0.0
420, Spare,420,0x09A4,,,,0.0,,0,0,0,0.00,0.0,,0,0,0,0.00,0.0,,0,0,0,0.00,0.0
421, Spare,421,0x09A5,,,,0.0,,0,0,0,0.00,0.0,,0,0,0,0.00,0.0,,0,0,0,0.00,0.0
422, Spare,422,0x09A6,,,,0.0,,0,0,0,0.00,0.0,,0,0,0,0.00,0.0,,0,0,0,0.00,0.0
423, Spare,423,0x09A7,,,,0.0,,0,0,0,0.00,0.0,,0,0,0,0.00,0.0,,0,0,0,0.00,0.0
424, Spare,424,0x09A8,,,,0.0,,0,0,0,0.00,0.0,,0,0,0,0.00,0.0,,0,0,0,0.00,0.0
425, Spare,425,0x09A9,,,,0.0,,0,0,0,0.00,0.0,,0,0,0,0.00,0.0,,0,0,0,0.00,0.0
426, Spare,426,0x09AA,,,,0.0,,0,0,0,0.00,0.0,,0,0,0,0.00,0.0,,0,0,0,0.00,0.0
427, Spare,427,0x09AB,,,,0.0,,0,0,0,0.00,0.0,,0,0,0,0.00,0.0,,0,0,0,0.00,0.0
428, Spare,428,0x09AC,,,,0.0,,0,0,0,0.00,0.0,,0,0,0,0.00,0.0,,0,0,0,0.00,0.0
429, Spare,429,0x09AD,,,,0.0,,0,0,0,0.00,0.0,,0,0,0,0.00,0.0,,0,0,0,0.00,0.0
430, Spare,430,0x09AE,,,,0.0,,0,0,0,0.00,0.0,,0,0,0,0.00,0.0,,0,0,0,0.00,0.0
431, Spare,431,0x09AF,,,,0.0,,0,0,0,0.00,0.0,,0,0,0,0.00,0.0,,0,0,0,0.00,0.0
432, Spare,432,0x09B0,,,,0.0,,0,0,0,0.00,0.0,,0,0,0,0.00,0.0,,0,0,0,0.00,0.0
433, Spare,433,0x09B1,,,,0.0,,0,0,0,0.00,0.0,,0,0,0,0.00,0.0,,0,0,0,0.00,0.0
434, Spare,434,0x09B2,,,,0.0,,0,0,0,0.00,0.0,,0,0,0,0.00,0.0,,0,0,0,0.00,0.0
435, Spare,435,0x09B3,,,,0.0,,0,0,0,0.00,0.0,,0,0,0,0.00,0.0,,0,0,0,0.00,0.0
436, Spare,436,0x09B4,,,,0.0,,0,0,0,0.00,0.0,,0,0,0,0.00,0.0,,0,0,0,0.00,0.0
437, Spare,437,0x09B5,,,,0.0,,0,0,0,0.00,0.0,,0,0,0,0.00,0.0,,0,0,0,0.00,0.0
438, Spare,438,0x09B6,,,,0.0,,0,0,0,0.00,0.0,,0,0,0,0.00,0.0,,0,0,0,0.00,0.0
439, Spare,439,0x09B7,,,,0.0,,0,0,0,0.00,0.0,,0,0,0,0.00,0.0,,0,0,0,0.00,0.0
440, Spare,440,0x09B8,,,,0.0,,0,0,0,0.00,0.0,,0,0,0,0.00,0.0,,0,0,0,0.00,0.0
441, Spare,441,0x09B9,,,,0.0,,0,0,0,0.00,0.0,,0,0,0,0.00,0.0,,0,0,0,0.00,0.0
442, Spare,442,0x09BA,,,,0.0,,0,0,0,0.00,0.0,,0,0,0,0.00,0.0,,0,0,0,0.00,0.0
443, Spare,443,0x09BB,,,,0.0,,0,0,0,0.00,0.0,,0,0,0,0.00,0.0,,0,0,0,0.00,0.0
444, Spare,444,0x09BC,,,,0.0,,0,0,0,0.00,0.0,,0,0,0,0.00,0.0,,0,0,0,0.00,0.0
445, Spare,445,0x09BD,,,,0.0,,0,0,0,0.00,0.0,,0,0,0,0.00,0.0,,0,0,0,0.00,0.0
446, Spare,446,0x09BE,,,,0.0,,0,0,0,0.00,0.0,,0,0,0,0.00,0.0,,0,0,0,0.00,0.0
447, Spare,447,0x09BF,,,,0.0,,0,0,0,0.00,0.0,,0,0,0,0.00,0.0,,0,0,0,0.00,0.0
448, Spare,448,0x09C0,,,,0.0,,0,0,0,0.00,0.0,,0,0,0,0.00,0.0,,0,0,0,0.00,0.0
449, Spare,449,0x09C1,,,,0.0,,0,0,0,0.00,0.0,,0,0,0,0.00,0.0,,0,0,0,0.00,0.0
450, Spare,450,0x09C2,,,,0.0,,0,0,0,0.00,0.0,,0,0,0,0.00,0.0,,0,0,0,0.00,0.0
451, Spare,451,0x09C3,,,,0.0,,0,0,0,0.00,0.0,,0,0,0,0.00,0.0,,0,0,0,0.00,0.0
452, Spare,452,0x09C4,,,,0.0,,0,0,0,0.00,0.0,,0,0,0,0.00,0.0,,0,0,0,0.00,0.0
453, Spare,453,0x09C5,,,,0.0,,0,0,0,0.00,0.0,,0,0,0,0.00,0.0,,0,0,0,0.00,0.0
454, Spare,454,0x09C6,,,,0.0,,0,0,0,0.00,0.0,,0,0,0,0.00,0.0,,0,0,0,0.00,0.0
455, Spare,455,0x09C7,,,,0.0,,0,0,0,0.00,0.0,,0,0,0,0.00,0.0,,0,0,0,0.00,0.0
456, Spare,456,0x09C8,,,,0.0,,0,0,0,0.00,0.0,,0,0,0,0.00,0.0,,0,0,0,0.00,0.0
457, Spare,457,0x09C9,,,,0.0,,0,0,0,0.00,0.0,,0,0,0,0.00,0.0,,0,0,0,0.00,0.0
458, Spare,458,0x09CA,,,,0.0,,0,0,0,0.00,0.0,,0,0,0,0.00,0.0,,0,0,0,0.00,0.0
459, Spare,459,0x09CB,,,,0.0,,0,0,0,0.00,0.0,,0,0,0,0.00,0.0,,0,0,0,0.00,0.0
460, Spare,460,0x09CC,,,,0.0,,0,0,0,0.00,0.0,,0,0,0,0.00,0.0,,0,0,0,0.00,0.0
461, Spare,461,0x09CD,,,,0.0,,0,0,0,0.00,0.0,,0,0,0,0.00,0.0,,0,0,0,0.00,0.0
462, Spare,462,0x09CE,,,,0.0,,0,0,0,0.00,0.0,,0,0,0,0.00,0.0,,0,0,0,0.00,0.0
463, Spare,463,0x09CF,,,,0.0,,0,0,0,0.00,0.0,,0,0,0,0.00,0.0,,0,0,0,0.00,0.0
464, Spare,464,0x09D0,,,,0.0,,0,0,0,0.00,0.0,,0,0,0,0.00,0.0,,0,0,0,0.00,0.0
465, Spare,465,0x09D1,,,,0.0,,0,0,0,0.00,0.0,,0,0,0,0.00,0.0,,0,0,0,0.00,0.0
466, Spare,466,0x09D2,,,,0.0,,0,0,0,0.00,0.0,,0,0,0,0.00,0.0,,0,0,0,0.00,0.0
467, Spare,467,0x09D3,,,,0.0,,0,0,0,0.00,0.0,,0,0,0,0.00,0.0,,0,0,0,0.00,0.0
468, Spare,468,0x09D4,,,,0.0,,0,0,0,0.00,0.0,,0,0,0,0.00,0.0,,0,0,0,0.00,0.0
469, Spare,469,0x09D5,,,,0.0,,0,0,0,0.00,0.0,,0,0,0,0.00,0.0,,0,0,0,0.00,0.0
470, Spare,470,0x09D6,,,,0.0,,0,0,0,0.00,0.0,,0,0,0,0.00,0.0,,0,0,0,0.00,0.0
471, Spare,471,0x09D7,,,,0.0,,0,0,0,0.00,0.0,,0,0,0,0.00,0.0,,0,0,0,0.00,0.0
472, Spare,472,0x09D8,,,,0.0,,0,0,0,0.00,0.0,,0,0,0,0.00,0.0,,0,0,0,0.00,0.0
473, Spare,473,0x09D9,,,,0.0,,0,0,0,0.00,0.0,,0,0,0,0.00,0.0,,0,0,0,0.00,0.0
474, Spare,474,0x09DA,,,,0.0,,0,0,0,0.00,0.0,,0,0,0,0.00,0.0,,0,0,0,0.00,0.0
475, Spare,475,0x09DB,,,,0.0,,0,0,0,0.00,0.0,,0,0,0,0.00,0.0,,0,0,0,0.00,0.0
476, Spare,476,0x09DC,,,,0.0,,0,0,0,0.00,0.0,,0,0,0,0.00,0.0,,0,0,0,0.00,0.0
477, Spare,477,0x09DD,,,,0.0,,0,0,0,0.00,0.0,,0,0,0,0.00,0.0,,0,0,0,0.00,0.0
478, Spare,478,0x09DE,,,,0.0,,0,0,0,0.00,0.0,,0,0,0,0.00,0.0,,0,0,0,0.00,0.0
479, Spare,479,0x09DF,,,,0.0,,0,0,0,0.00,0.0,,0,0,0,0.00,0.0,,0,0,0,0.00,0.0
480, Spare,480,0x09E0,,,,0.0,,0,0,0,0.00,0.0,,0,0,0,0.00,0.0,,0,0,0,0.00,0.0
,,,,,,,,,,,,,,,,,,,,,,,,,
,,,,,,,,,,,,,,,,,,,,,,,,,
Valid Values/Notes,,,,,,,,,,,,,,,,,,,,,,,,,
,,,,,,Packet Type,,Filter Type,,,,,,,,,,,,,,,,,
,,,,,,SYNC,,COUNT,,,,,,,,,,,,,,,,,
,,,,,,SCIENCE,,TIME,,,,,,,,,,,,,,,,,
,,,,,,PLAYBACK,,N/A,,,,,,,,,,,,,,,,,
,,,,,,ASYNC,,,,,,,,,,,,,,,,,,,
,,,,,,FILE,,,,,,,,,,,,,,,,,,,
