{
"app": {

   "title": "Heater Simulator",
   "version": "2.0.0",
   "owner": "OpenSatkit",
   "url": "https://github.com/OpenSatKit/OpenSatKit",

   "description": [
      "HSIM is a prototype heater simulation app used for testing the Heater",
      "Control (HC) app."
   ],

   "system": {
      "build": true,
      "simsat": false
   },

   "cosmos": {
      "target": "HSIM"
   },

   "fsw": {
      "cfe-type": "CFE_APP",
      "obj-path-file": "/cf/hsim.so",
      "entry-symbol": "SIM_AppMain",
      "name": "HSIM",
      "priority": 90,
      "stack": 16384,
      "load_addr": 0,
      "exception-action": 0,
      "app-framework": "cfs",
      "tables": [],
      "cmd-mid": "HSIM_CMD_MID"
   }
   
}}
