{ "app": {
   
   "title": "Limit Checker",
   "version": "2.1.1",
   "owner": "NASA/Goddard",
   "url": "https://github.com/nasa/LC",

   "description": [
      "LC monitors telemetry data points and compares the values against user-defined",
      "states/limits. If a state/limit condition is met/exceeded a user-defined response",
      "is initiated. Typical responses include an event message and the activation of a",
      "Relative Time Sequence(RTS)."
   ],

   "system": {
      "build": true,
      "simsat": true
   },
   
   "cosmos": {
      "target": "LC"
   },
   
   "fsw": {
      "cfe-type": "CFE_APP",
      "obj-path-file": "/cf/lc.so",
      "entry-symbol": "LC_AppMain",
      "name": "LC",
      "priority": 80,
      "stack": 16384,
      "load_addr": 0,
      "exception-action": 0,
      "app-framework": "cfs",
      "tables": [],
      "cmd-mid": "LC_CMD_MID"
   }
   
}}
