{ "app": {
   
   "title": "Instrument Simulator",
   "version": "2.0.0",
   "owner": "OpenSatkit",
   "url": "https://github.com/OpenSatKit/OpenSatKit",

   "description": [
      "ISIM provides a simple example instrument that has states of operation",
      "and can generate science data files. These features provide a context",
      "for demonstrating how some of the open source apps can be configured",
      "and used."
   ],

   "system": {
      "build": true,
      "simsat": true
   },
   
   "cosmos": {
      "target": "ISIM"
   },
   
   "fsw": {
      "cfe-type": "CFE_APP",
      "obj-path-file": "/cf/isim.so",
      "entry-symbol": "ISIM_AppMain",
      "name": "ISIM",
      "priority": 90,
      "stack": 16384,
      "load_addr": 0,
      "exception-action": 0,
      "app-framework": "osk",
      "tables": [
         { 
                "name": "Parameter Table",
                  "id": 0,
            "filename": "isim_tbl.json"
         }
      ],
      "cmd-mid": "ISIM_CMD_MID"
   }
   
}}


