{ "app": {
   
   "title": "42 Interface",
   "version": "2.0.0",
   "owner": "OpenSatkit",
   "url": "https://github.com/OpenSatKit/OpenSatKit",

   "description": [
      "I42 manage the 42 socket interface and provide examples for sensor data",
      "processing and actuator command generation."
   ],

   "system": {
      "build": true,
      "simsat": true
   },
   
   "cosmos": {
      "target": "I42"
   },
   
   "fsw": {
      "cfe-type": "CFE_APP",
      "obj-path-file": "/cf/i42.so",
      "entry-symbol": "I42_AppMain",
      "name": "I42",
      "priority": 90,
      "stack": 80192,
      "load_addr": 0,
      "exception-action": 0,
      "app-framework": "osk",
      "tables": [],
      "cmd-mid": "I42_CMD_MID"
   }
   
}}


