{
"app": {
   
   "title": "OSK C++ Demo",
   "version": "1.1.0",
   "owner": "OpenSatkit",
   "url": "https://github.com/OpenSatKit/OpenSatKit",

   "description": [
      "OSK_CPP_DEMO provides an example app that uses the OSK C++ framework",
      "library(osk_cpp_fw). It explores different JSON table parsing options",
      "as well as demonstrates how a cFE binary table can be used in a C++ app."
   ],

   "system": {
      "build": true,
      "simsat": false
   },

   "cosmos": {
      "target": "OSK_CPP_DEMO"
   },
   
   "fsw": {
      "cfe-type": "CFE_APP",
      "obj-path-file": "/cf/osk_cpp_demo.so",
      "entry-symbol": "OSK_CPP_DEMO_Main",
      "name": "OSK_CPP_DEMO",
      "priority": 120,
      "stack": 16384,
      "load_addr": 0,
      "exception-action": 0,
      "app-framework": "osk_cpp_fw",
      "tables": [
         { 
                "name": "JSON-JSMN Demo Table",
                  "id": 1,
            "filename": "osk_cpp_demo_tbl.json"
         },
         { 
                "name": "JSON-RapidJson Demo Table",
                  "id": 2,
            "filename": "osk_c_demo_tbl.json"
         },
         { 
                "name": "Binary Demo Table",
                  "id": 3,
            "filename": "osk_cpp_demo.tbl"
         }
      ]
   }
}   
}
