{ "app": {
   
   "title": "Stored Command",
   "version": "2.5.0",
   "owner": "NASA/Goddard",
   "url": "https://github.com/nasa/MD",

   "description": [
      "SC manages table-defined time-tagged command sequences. It supports Absolute",
      "Time Sequences(ATS) and Relative Time Sequences(RTS) that can be used to",
      "automate operations and fault responses"
   ],

   "system": {
      "build": true,
      "simsat": true
   },
   
   "cosmos": {
      "target": "SC"
   },
   
   "fsw": {
      "cfe-type": "CFE_APP",
      "obj-path-file": "/cf/sc.so",
      "entry-symbol": "SC_AppMain",
      "name": "SC",
      "priority": 80,
      "stack": 16384,
      "load_addr": 0,
      "exception-action": 0,
      "app-framework": "cfs",
      "tables": [],
      "cmd-mid": "SC_CMD_MID"
   }
   
}}
