{
"app": {

   "title": "Heater Control",
   "version": "2.0.0",
   "owner": "OpenSatkit",
   "url": "https://github.com/OpenSatKit/OpenSatKit",

   "description": [
      "HC is a prototype heater control app."
   ],

   "system": {
      "build": true,
      "simsat": false
   },
   

   "cosmos": {
      "target": "HC"
   },

   "fsw": {
      "cfe-type": "CFE_APP",
      "obj-path-file": "/cf/hc.so",
      "entry-symbol": "HC_AppMain",
      "name": "HC",
      "priority": 90,
      "stack": 16384,
      "load_addr": 0,
      "exception-action": 0,
      "app-framework": "cfs",
      "tables": [
         { 
                "name": "HC.Component",
            "filename": "hc_component.tbl"
         },
         { 
                "name": "HC.Type",
            "filename": "hc_type.tbl"
         }
      ],
      "cmd-mid": "HC_CMD_MID"
   }
   
}}
