{ "app": {
   
   "title": "Housekeeping",
   "version": "2.4.1",
   "owner": "NASA/Goddard",
   "url": "https://github.com/nasa/HK",

   "description": [
      "HK combines fields of 1 or more software bus messages into new",
      "messages called HK combo packets."
   ],

   "system": {
      "build": true,
      "simsat": true
   },
   
   "cosmos": {
      "target": "HK"
   },
   
   "fsw": {
      "cfe-type": "CFE_APP",
      "obj-path-file": "/cf/hk.so",
      "entry-symbol": "HK_AppMain",
      "name": "HK",
      "priority": 90,
      "stack": 16384,
      "load_addr": 0,
      "exception-action": 0,
      "app-framework": "cfs",
      "tables": [],
      "cmd-mid": "HK_CMD_MID"
   }
   
}}
