{
"app": {

   "title": "CCSDS File Delivery Protocol",
   "version": "2.2.1",
   "owner": "NASA/Goddard",
   "url": "https://github.com/nasa/CF",

   "description": [
      "CF implements the CCSDS File Delivery Protocol (CFDP) standard",
      "https://public.ccsds.org/Pubs/727x0b5.pdf."
   ],

   "system": {
      "build": true,
      "simsat": false
   },
   
   "cosmos": {
      "target": "CF"
   },

   "fsw": {
      "cfe-type": "CFE_APP",
      "obj-path-file": "/cf/cf.so",
      "entry-symbol": "CF_AppMain",
      "name": "CF",
      "priority": 80,
      "stack": 80192,
      "load_addr": 0,
      "exception-action": 0,
      "app-framework": "cfs",
      "tables": [],
      "cmd-mid": "CF_CMD_MID"
   }

}}

